STATION_NAME,DATE,PRCP,SNOW,TAVG,TMAX,TMIN,AWND,WDF2,WDF5,WT07
EL PASO INTERNATIONAL AIRPORT TX US,20130101,0,0,-9999,46,29,4.7,330,320,-9999
EL PASO INTERNATIONAL AIRPORT TX US,20130102,0,0,-9999,49,28,11.2,10,360,-9999
EL PASO INTERNATIONAL AIRPORT TX US,20130103,0.28,2.9,-9999,34,28,10.7,350,350,-9999
EL PASO INTERNATIONAL AIRPORT TX US,20130104,0.02,0.2,-9999,34,28,4.9,230,230,-9999
EL PASO INTERNATIONAL AIRPORT TX US,20130105,0,0,-9999,38,22,2.2,230,230,-9999
EL PASO INTERNATIONAL AIRPORT TX US,20130106,0,0,-9999,49,21,4.5,360,10,-9999
EL PASO INTERNATIONAL AIRPORT TX US,20130107,0,0,-9999,56,33,10.3,50,50,-9999
EL PASO INTERNATIONAL AIRPORT TX US,20130108,0,0,-9999,58,39,6.7,110,110,-9999
EL PASO INTERNATIONAL AIRPORT TX US,20130109,0,0,-9999,57,37,9.2,50,50,-9999
EL PASO INTERNATIONAL AIRPORT TX US,20130110,0,0,-9999,60,28,6.5,240,230,-9999
EL PASO INTERNATIONAL AIRPORT TX US,20130111,0,0,-9999,54,31,11.4,230,230,-9999
EL PASO INTERNATIONAL AIRPORT TX US,20130112,0,0,-9999,44,28,11.4,260,240,-9999
EL PASO INTERNATIONAL AIRPORT TX US,20130113,0,0,-9999,42,18,3.8,330,160,-9999
EL PASO INTERNATIONAL AIRPORT TX US,20130114,0,0,-9999,44,22,4.7,280,270,-9999
EL PASO INTERNATIONAL AIRPORT TX US,20130115,0,0,-9999,39,24,8.5,320,320,-9999
EL PASO INTERNATIONAL AIRPORT TX US,20130116,0,0,-9999,47,18,2.9,360,360,-9999
EL PASO INTERNATIONAL AIRPORT TX US,20130117,0,0,-9999,57,23,7.2,130,130,-9999
EL PASO INTERNATIONAL AIRPORT TX US,20130118,0,0,-9999,59,30,4,10,10,-9999
EL PASO INTERNATIONAL AIRPORT TX US,20130119,0,0,-9999,62,29,4.7,350,360,-9999
EL PASO INTERNATIONAL AIRPORT TX US,20130120,0,0,-9999,64,29,4,20,30,-9999
EL PASO INTERNATIONAL AIRPORT TX US,20130121,0,0,-9999,66,37,8.1,360,350,-9999
EL PASO INTERNATIONAL AIRPORT TX US,20130122,0,0,-9999,67,37,4.7,10,10,-9999
EL PASO INTERNATIONAL AIRPORT TX US,20130123,0,0,-9999,70,29,2.5,220,140,-9999
EL PASO INTERNATIONAL AIRPORT TX US,20130124,0,0,-9999,71,33,5.6,270,270,-9999
EL PASO INTERNATIONAL AIRPORT TX US,20130125,0,0,-9999,63,47,3.1,40,320,-9999
EL PASO INTERNATIONAL AIRPORT TX US,20130126,0,0,-9999,67,47,6.3,250,260,-9999
EL PASO INTERNATIONAL AIRPORT TX US,20130127,0,0,-9999,66,46,5.8,240,280,-9999
EL PASO INTERNATIONAL AIRPORT TX US,20130128,0,0,-9999,66,41,13.6,260,250,-9999
EL PASO INTERNATIONAL AIRPORT TX US,20130129,0,0,-9999,51,34,22.6,270,250,1
EL PASO INTERNATIONAL AIRPORT TX US,20130130,0,0,-9999,50,32,12.8,290,290,-9999
EL PASO INTERNATIONAL AIRPORT TX US,20130131,0,0,-9999,56,24,2.5,20,210,-9999
EL PASO INTERNATIONAL AIRPORT TX US,20130201,0,0,-9999,64,27,4,240,240,-9999
EL PASO INTERNATIONAL AIRPORT TX US,20130202,0,0,-9999,68,31,5.4,340,340,-9999
EL PASO INTERNATIONAL AIRPORT TX US,20130203,0,0,-9999,63,38,3.8,310,310,-9999
EL PASO INTERNATIONAL AIRPORT TX US,20130204,0,0,-9999,65,45,7.4,270,270,-9999
EL PASO INTERNATIONAL AIRPORT TX US,20130205,0,0,-9999,67,37,3.8,250,250,-9999
EL PASO INTERNATIONAL AIRPORT TX US,20130206,0,0,-9999,68,39,8.1,250,260,-9999
EL PASO INTERNATIONAL AIRPORT TX US,20130207,0,0,-9999,65,46,4.7,250,300,-9999
EL PASO INTERNATIONAL AIRPORT TX US,20130208,0,0,-9999,70,42,8.3,150,140,-9999
EL PASO INTERNATIONAL AIRPORT TX US,20130209,0,0,-9999,64,41,16.8,260,260,1
EL PASO INTERNATIONAL AIRPORT TX US,20130210,0,0,-9999,54,36,8.1,290,350,-9999
EL PASO INTERNATIONAL AIRPORT TX US,20130211,0,0,-9999,60,27,6.9,270,290,-9999
EL PASO INTERNATIONAL AIRPORT TX US,20130212,0.01,0,-9999,52,31,10.5,260,280,-9999
EL PASO INTERNATIONAL AIRPORT TX US,20130213,0,0,-9999,55,24,6,250,240,-9999
EL PASO INTERNATIONAL AIRPORT TX US,20130214,0,0,-9999,61,25,4.7,300,290,-9999
EL PASO INTERNATIONAL AIRPORT TX US,20130215,0,0,-9999,56,37,5.4,340,340,-9999
EL PASO INTERNATIONAL AIRPORT TX US,20130216,0,0,-9999,61,29,2.5,240,220,-9999
EL PASO INTERNATIONAL AIRPORT TX US,20130217,0,0,-9999,69,27,9.2,260,270,-9999
EL PASO INTERNATIONAL AIRPORT TX US,20130218,0,0,-9999,64,49,11.6,290,290,-9999
EL PASO INTERNATIONAL AIRPORT TX US,20130219,0.4,0,-9999,59,37,6.3,200,200,-9999
EL PASO INTERNATIONAL AIRPORT TX US,20130220,0,0,-9999,61,37,14.8,290,290,1
EL PASO INTERNATIONAL AIRPORT TX US,20130221,0,0,-9999,51,33,19.5,260,250,-9999
EL PASO INTERNATIONAL AIRPORT TX US,20130222,0,0,-9999,55,33,10.5,240,240,-9999
EL PASO INTERNATIONAL AIRPORT TX US,20130223,0,0,-9999,58,32,6.9,330,330,-9999
EL PASO INTERNATIONAL AIRPORT TX US,20130224,0,0,-9999,63,35,19.7,250,240,1
EL PASO INTERNATIONAL AIRPORT TX US,20130225,0,0,-9999,53,32,9.6,290,290,-9999
EL PASO INTERNATIONAL AIRPORT TX US,20130226,0,0,-9999,65,37,14.3,260,250,1
EL PASO INTERNATIONAL AIRPORT TX US,20130227,0,0,-9999,55,33,7.4,360,350,-9999
EL PASO INTERNATIONAL AIRPORT TX US,20130228,0,0,-9999,57,32,3.8,40,220,-9999
EL PASO INTERNATIONAL AIRPORT TX US,20130301,0,0,-9999,63,34,5.8,350,350,-9999
EL PASO INTERNATIONAL AIRPORT TX US,20130302,0,0,-9999,70,35,3.4,240,260,-9999
EL PASO INTERNATIONAL AIRPORT TX US,20130303,0,0,-9999,81,39,12.8,300,250,-9999
EL PASO INTERNATIONAL AIRPORT TX US,20130304,0,0,-9999,79,53,17.9,250,250,1
EL PASO INTERNATIONAL AIRPORT TX US,20130305,0,0,-9999,64,41,8.5,120,120,-9999
EL PASO INTERNATIONAL AIRPORT TX US,20130306,0,0,-9999,76,48,4.3,130,140,-9999
EL PASO INTERNATIONAL AIRPORT TX US,20130307,0,0,-9999,78,50,8.7,250,210,-9999
EL PASO INTERNATIONAL AIRPORT TX US,20130308,0,0,-9999,72,54,12.3,210,200,1
EL PASO INTERNATIONAL AIRPORT TX US,20130309,0,0,-9999,60,44,21,270,280,-9999
EL PASO INTERNATIONAL AIRPORT TX US,20130310,0,0,-9999,56,33,4.5,270,270,-9999
EL PASO INTERNATIONAL AIRPORT TX US,20130311,0,0,-9999,66,34,8.7,250,220,-9999
EL PASO INTERNATIONAL AIRPORT TX US,20130312,0,0,-9999,72,40,7.6,100,110,-9999
EL PASO INTERNATIONAL AIRPORT TX US,20130313,0,0,-9999,76,42,3.6,170,200,-9999
EL PASO INTERNATIONAL AIRPORT TX US,20130314,0,0,-9999,80,41,2.9,360,20,-9999
EL PASO INTERNATIONAL AIRPORT TX US,20130315,0,0,-9999,85,45,5.1,250,190,-9999
EL PASO INTERNATIONAL AIRPORT TX US,20130316,0,0,-9999,85,60,10.7,270,260,-9999
EL PASO INTERNATIONAL AIRPORT TX US,20130317,0,0,-9999,80,59,18.6,280,260,1
EL PASO INTERNATIONAL AIRPORT TX US,20130318,0,0,-9999,77,56,12.3,290,280,-9999
EL PASO INTERNATIONAL AIRPORT TX US,20130319,0,0,-9999,78,49,10.5,300,300,-9999
EL PASO INTERNATIONAL AIRPORT TX US,20130320,0,0,-9999,71,44,5.8,160,150,-9999
EL PASO INTERNATIONAL AIRPORT TX US,20130321,0,0,-9999,80,55,14.8,300,300,-9999
EL PASO INTERNATIONAL AIRPORT TX US,20130322,0,0,-9999,79,57,17,260,240,-9999
EL PASO INTERNATIONAL AIRPORT TX US,20130323,0,0,-9999,74,47,23.5,280,280,1
EL PASO INTERNATIONAL AIRPORT TX US,20130324,0,0,-9999,63,33,6.7,360,350,-9999
EL PASO INTERNATIONAL AIRPORT TX US,20130325,0,0,-9999,61,37,9.6,100,100,-9999
EL PASO INTERNATIONAL AIRPORT TX US,20130326,0,0,-9999,72,39,8.7,140,150,-9999
EL PASO INTERNATIONAL AIRPORT TX US,20130327,0,0,-9999,79,49,4.7,280,200,-9999
EL PASO INTERNATIONAL AIRPORT TX US,20130328,0,0,-9999,81,49,7.4,250,240,-9999
EL PASO INTERNATIONAL AIRPORT TX US,20130329,0,0,-9999,83,57,6.9,300,300,-9999
EL PASO INTERNATIONAL AIRPORT TX US,20130330,0,0,-9999,83,51,7.4,230,240,-9999
EL PASO INTERNATIONAL AIRPORT TX US,20130331,0,0,-9999,82,56,3.4,240,280,-9999
EL PASO INTERNATIONAL AIRPORT TX US,20130401,0,0,69,84,53,6.9,240,200,-9999
EL PASO INTERNATIONAL AIRPORT TX US,20130402,0,0,72,82,52,12.1,280,270,-9999
EL PASO INTERNATIONAL AIRPORT TX US,20130403,0,0,61,73,44,4.3,120,120,-9999
EL PASO INTERNATIONAL AIRPORT TX US,20130404,0,0,63,79,45,4.3,230,220,-9999
EL PASO INTERNATIONAL AIRPORT TX US,20130405,0,0,70,86,59,11,240,240,-9999
EL PASO INTERNATIONAL AIRPORT TX US,20130406,0,0,74,83,60,10.7,260,250,-9999
EL PASO INTERNATIONAL AIRPORT TX US,20130407,0,0,73,84,60,14.1,270,270,-9999
EL PASO INTERNATIONAL AIRPORT TX US,20130408,0,0,75,86,65,17.7,250,250,-9999
EL PASO INTERNATIONAL AIRPORT TX US,20130409,0,0,65,70,52,19.7,260,260,1
EL PASO INTERNATIONAL AIRPORT TX US,20130410,0,0,56,67,47,14.8,250,260,-9999
EL PASO INTERNATIONAL AIRPORT TX US,20130411,0,0,57,73,42,7.6,280,270,-9999
EL PASO INTERNATIONAL AIRPORT TX US,20130412,0,0,65,80,49,5.8,260,230,-9999
EL PASO INTERNATIONAL AIRPORT TX US,20130413,0,0,70,82,57,11.4,260,290,-9999
EL PASO INTERNATIONAL AIRPORT TX US,20130414,0,0,72,83,62,19.7,250,240,-9999
EL PASO INTERNATIONAL AIRPORT TX US,20130415,0,0,73,85,62,19,260,220,-9999
EL PASO INTERNATIONAL AIRPORT TX US,20130416,0,0,75,87,63,16.3,250,250,-9999
EL PASO INTERNATIONAL AIRPORT TX US,20130417,0,0,74,83,52,21.5,240,260,1
EL PASO INTERNATIONAL AIRPORT TX US,20130418,0,0,57,66,46,11.4,260,320,-9999
EL PASO INTERNATIONAL AIRPORT TX US,20130419,0,0,54,68,36,7.6,350,230,-9999
EL PASO INTERNATIONAL AIRPORT TX US,20130420,0,0,60,81,41,12.3,250,260,-9999
EL PASO INTERNATIONAL AIRPORT TX US,20130421,0,0,70,83,49,6.9,260,240,-9999
EL PASO INTERNATIONAL AIRPORT TX US,20130422,0,0,73,89,57,11,240,240,-9999
EL PASO INTERNATIONAL AIRPORT TX US,20130423,0,0,76,88,54,12.8,270,280,-9999
EL PASO INTERNATIONAL AIRPORT TX US,20130424,0,0,60,75,42,6.9,70,90,-9999
EL PASO INTERNATIONAL AIRPORT TX US,20130425,0,0,66,85,54,9.6,260,260,1
EL PASO INTERNATIONAL AIRPORT TX US,20130426,0,0,74,84,58,8.1,280,290,-9999
EL PASO INTERNATIONAL AIRPORT TX US,20130427,0,0,71,85,53,3.8,110,70,-9999
EL PASO INTERNATIONAL AIRPORT TX US,20130428,0,0,73,86,56,4.3,120,120,-9999
EL PASO INTERNATIONAL AIRPORT TX US,20130429,0,0,74,91,59,8.1,280,280,-9999
EL PASO INTERNATIONAL AIRPORT TX US,20130430,0,0,81,93,65,13,250,240,-9999
EL PASO INTERNATIONAL AIRPORT TX US,20130501,0,0,81,89,64,14.1,280,300,-9999
EL PASO INTERNATIONAL AIRPORT TX US,20130502,0,0,63,65,47,13.6,20,50,1
EL PASO INTERNATIONAL AIRPORT TX US,20130503,0,0,52,68,40,6.3,110,110,-9999
EL PASO INTERNATIONAL AIRPORT TX US,20130504,0,0,63,85,44,4.7,100,110,-9999
EL PASO INTERNATIONAL AIRPORT TX US,20130505,0,0,72,84,59,10.5,110,110,-9999
EL PASO INTERNATIONAL AIRPORT TX US,20130506,0,0,73,84,63,11.9,260,270,-9999
EL PASO INTERNATIONAL AIRPORT TX US,20130507,0,0,75,84,65,15.2,250,260,-9999
EL PASO INTERNATIONAL AIRPORT TX US,20130508,0,0,74,82,65,13.4,250,250,-9999
EL PASO INTERNATIONAL AIRPORT TX US,20130509,0,0,73,82,61,7.4,240,270,-9999
EL PASO INTERNATIONAL AIRPORT TX US,20130510,0.18,0,71,79,55,10.3,340,340,-9999
EL PASO INTERNATIONAL AIRPORT TX US,20130511,0,0,61,76,51,9.2,150,50,-9999
EL PASO INTERNATIONAL AIRPORT TX US,20130512,0,0,66,79,53,8.5,80,140,-9999
EL PASO INTERNATIONAL AIRPORT TX US,20130513,0,0,70,83,57,4.9,120,110,-9999
EL PASO INTERNATIONAL AIRPORT TX US,20130514,0,0,72,84,61,8.1,150,160,-9999
EL PASO INTERNATIONAL AIRPORT TX US,20130515,0,0,78,93,66,15.9,260,260,-9999
EL PASO INTERNATIONAL AIRPORT TX US,20130516,0,0,84,93,71,9.6,240,250,-9999
EL PASO INTERNATIONAL AIRPORT TX US,20130517,0,0,83,95,65,8.5,260,280,-9999
EL PASO INTERNATIONAL AIRPORT TX US,20130518,0,0,82,90,72,15.2,260,260,-9999
EL PASO INTERNATIONAL AIRPORT TX US,20130519,0,0,80,90,69,13.2,260,240,-9999
EL PASO INTERNATIONAL AIRPORT TX US,20130520,0,0,81,92,69,15.7,260,300,-9999
EL PASO INTERNATIONAL AIRPORT TX US,20130521,0,0,77,87,62,8.5,270,260,-9999
EL PASO INTERNATIONAL AIRPORT TX US,20130522,0,0,78,95,61,8.1,250,240,-9999
EL PASO INTERNATIONAL AIRPORT TX US,20130523,0,0,83,98,66,8.7,140,140,-9999
EL PASO INTERNATIONAL AIRPORT TX US,20130524,0,0,78,94,63,4.9,180,180,1
EL PASO INTERNATIONAL AIRPORT TX US,20130525,0,0,82,97,70,8.5,250,250,-9999
EL PASO INTERNATIONAL AIRPORT TX US,20130526,0,0,84,96,66,10.5,240,230,-9999
EL PASO INTERNATIONAL AIRPORT TX US,20130527,0,0,84,94,64,8.1,250,270,-9999
EL PASO INTERNATIONAL AIRPORT TX US,20130528,0,0,83,95,69,15,240,240,-9999
EL PASO INTERNATIONAL AIRPORT TX US,20130529,0,0,82,90,72,18.1,250,260,-9999
EL PASO INTERNATIONAL AIRPORT TX US,20130530,0,0,82,93,72,14.3,240,250,-9999
EL PASO INTERNATIONAL AIRPORT TX US,20130531,0,0,86,97,78,11.6,250,270,-9999
EL PASO INTERNATIONAL AIRPORT TX US,20130601,0,0,87,97,72,11.6,100,110,-9999
EL PASO INTERNATIONAL AIRPORT TX US,20130602,0,0,83,96,70,13.2,170,180,-9999
EL PASO INTERNATIONAL AIRPORT TX US,20130603,0,0,78,98,65,7.6,240,250,-9999
EL PASO INTERNATIONAL AIRPORT TX US,20130604,0,0,86,100,67,9.6,260,260,-9999
EL PASO INTERNATIONAL AIRPORT TX US,20130605,0,0,89,99,73,8.9,250,260,-9999
EL PASO INTERNATIONAL AIRPORT TX US,20130606,0,0,83,93,69,6.9,350,350,-9999
EL PASO INTERNATIONAL AIRPORT TX US,20130607,0,0,82,94,69,10.3,280,280,-9999
EL PASO INTERNATIONAL AIRPORT TX US,20130608,0,0,79,101,64,9.4,280,270,-9999
EL PASO INTERNATIONAL AIRPORT TX US,20130609,0,0,90,99,77,10.5,280,280,-9999
EL PASO INTERNATIONAL AIRPORT TX US,20130610,0,0,88,104,75,6,50,50,-9999
EL PASO INTERNATIONAL AIRPORT TX US,20130611,0,0,89,104,75,6,130,130,-9999
EL PASO INTERNATIONAL AIRPORT TX US,20130612,0,0,91,106,77,7.6,110,110,-9999
EL PASO INTERNATIONAL AIRPORT TX US,20130613,0,0,88,98,74,9.4,140,140,-9999
EL PASO INTERNATIONAL AIRPORT TX US,20130614,0.1,0,81,95,70,7.6,360,350,-9999
EL PASO INTERNATIONAL AIRPORT TX US,20130615,0,0,81,98,67,4.9,250,110,-9999
EL PASO INTERNATIONAL AIRPORT TX US,20130616,0,0,88,101,76,8.3,230,230,-9999
EL PASO INTERNATIONAL AIRPORT TX US,20130617,0.02,0,89,100,77,8.7,130,320,-9999
EL PASO INTERNATIONAL AIRPORT TX US,20130618,0,0,83,99,70,7.4,120,120,-9999
EL PASO INTERNATIONAL AIRPORT TX US,20130619,0,0,89,104,77,9.6,180,160,1
EL PASO INTERNATIONAL AIRPORT TX US,20130620,0,0,91,103,79,13.2,200,180,-9999
EL PASO INTERNATIONAL AIRPORT TX US,20130621,0,0,85,103,72,7.6,250,270,-9999
EL PASO INTERNATIONAL AIRPORT TX US,20130622,0,0,88,102,77,9.6,270,270,-9999
EL PASO INTERNATIONAL AIRPORT TX US,20130623,0,0,91,101,77,8.5,290,300,-9999
EL PASO INTERNATIONAL AIRPORT TX US,20130624,0,0,91,100,78,9.4,220,220,-9999
EL PASO INTERNATIONAL AIRPORT TX US,20130625,0,0,91,101,79,8.5,250,250,-9999
EL PASO INTERNATIONAL AIRPORT TX US,20130626,0,0,92,104,77,9.2,300,290,-9999
EL PASO INTERNATIONAL AIRPORT TX US,20130627,0,0,93,107,73,4.9,140,320,-9999
EL PASO INTERNATIONAL AIRPORT TX US,20130628,0,0,91,101,78,5.8,110,120,-9999
EL PASO INTERNATIONAL AIRPORT TX US,20130629,0,0,90,103,74,6.7,160,150,-9999
EL PASO INTERNATIONAL AIRPORT TX US,20130630,0.04,0,89,98,69,10.5,20,10,-9999
EL PASO INTERNATIONAL AIRPORT TX US,20130701,0.06,0,78,84,66,10.5,10,10,-9999
EL PASO INTERNATIONAL AIRPORT TX US,20130702,0,0,75,89,65,8.7,50,40,1
EL PASO INTERNATIONAL AIRPORT TX US,20130703,0,0,78,93,68,8.3,10,10,-9999
EL PASO INTERNATIONAL AIRPORT TX US,20130704,0,0,82,96,67,3.8,130,140,-9999
EL PASO INTERNATIONAL AIRPORT TX US,20130705,0,0,87,100,75,7.2,240,250,-9999
EL PASO INTERNATIONAL AIRPORT TX US,20130706,0,0,90,101,75,6.5,250,250,-9999
EL PASO INTERNATIONAL AIRPORT TX US,20130707,0.02,0,91,102,80,9.8,100,110,-9999
EL PASO INTERNATIONAL AIRPORT TX US,20130708,0,0,89,98,79,10.1,110,110,-9999
EL PASO INTERNATIONAL AIRPORT TX US,20130709,0,0,88,100,77,8.3,140,130,-9999
EL PASO INTERNATIONAL AIRPORT TX US,20130710,0,0,87,98,76,8.9,130,130,-9999
EL PASO INTERNATIONAL AIRPORT TX US,20130711,0,0,89,98,79,8.5,100,90,-9999
EL PASO INTERNATIONAL AIRPORT TX US,20130712,0,0,87,100,77,7.2,30,40,-9999
EL PASO INTERNATIONAL AIRPORT TX US,20130713,0,0,87,99,76,6.5,120,110,-9999
EL PASO INTERNATIONAL AIRPORT TX US,20130714,0.15,0,88,101,77,7.6,50,50,-9999
EL PASO INTERNATIONAL AIRPORT TX US,20130715,0,0,81,83,70,10.5,70,70,-9999
EL PASO INTERNATIONAL AIRPORT TX US,20130716,0,0,74,86,67,8.5,150,60,-9999
EL PASO INTERNATIONAL AIRPORT TX US,20130717,0,0,74,78,67,11.6,100,90,-9999
EL PASO INTERNATIONAL AIRPORT TX US,20130718,0.35,0,70,76,65,6,110,120,-9999
EL PASO INTERNATIONAL AIRPORT TX US,20130719,0.02,0,72,82,68,7.6,140,120,-9999
EL PASO INTERNATIONAL AIRPORT TX US,20130720,0,0,76,87,69,5.8,150,170,-9999
EL PASO INTERNATIONAL AIRPORT TX US,20130721,0,0,80,93,71,6,240,240,-9999
EL PASO INTERNATIONAL AIRPORT TX US,20130722,0,0,83,95,73,11.2,240,240,-9999
EL PASO INTERNATIONAL AIRPORT TX US,20130723,0,0,81,95,73,11.6,270,270,-9999
EL PASO INTERNATIONAL AIRPORT TX US,20130724,0.2,0,81,95,70,8.9,360,20,-9999
EL PASO INTERNATIONAL AIRPORT TX US,20130725,1.52,0,76,89,64,7.4,30,160,-9999
EL PASO INTERNATIONAL AIRPORT TX US,20130726,0.31,0,83,94,68,6.7,90,60,-9999
EL PASO INTERNATIONAL AIRPORT TX US,20130727,0.02,0,74,84,67,8.5,30,20,-9999
EL PASO INTERNATIONAL AIRPORT TX US,20130728,0.01,0,78,92,69,7.4,250,250,-9999
EL PASO INTERNATIONAL AIRPORT TX US,20130729,0,0,82,97,73,6.7,250,240,-9999
EL PASO INTERNATIONAL AIRPORT TX US,20130730,0.47,0,87,98,77,8.1,40,20,-9999
EL PASO INTERNATIONAL AIRPORT TX US,20130731,0,0,83,98,73,4.5,200,190,-9999
EL PASO INTERNATIONAL AIRPORT TX US,20130801,0,0,85,95,75,6.3,170,110,-9999
EL PASO INTERNATIONAL AIRPORT TX US,20130802,0,0,86,97,76,7.8,230,280,-9999
EL PASO INTERNATIONAL AIRPORT TX US,20130803,0,0,88,98,78,3.6,230,230,-9999
EL PASO INTERNATIONAL AIRPORT TX US,20130804,0,0,88,100,78,6.3,220,220,-9999
EL PASO INTERNATIONAL AIRPORT TX US,20130805,0.02,0,87,97,76,8.1,260,250,-9999
EL PASO INTERNATIONAL AIRPORT TX US,20130806,0,0,85,95,74,12.5,250,250,-9999
EL PASO INTERNATIONAL AIRPORT TX US,20130807,0,0,83,92,73,10.7,250,250,-9999
EL PASO INTERNATIONAL AIRPORT TX US,20130808,0,0,83,96,68,6.5,290,290,-9999
EL PASO INTERNATIONAL AIRPORT TX US,20130809,0,0,86,97,70,5.6,100,90,-9999
EL PASO INTERNATIONAL AIRPORT TX US,20130810,0.01,0,82,88,74,11.2,100,100,-9999
EL PASO INTERNATIONAL AIRPORT TX US,20130811,0,0,78,93,66,12.3,360,360,-9999
EL PASO INTERNATIONAL AIRPORT TX US,20130812,0,0,84,96,74,5.4,340,340,-9999
EL PASO INTERNATIONAL AIRPORT TX US,20130813,0,0,86,95,76,8.1,40,30,-9999
EL PASO INTERNATIONAL AIRPORT TX US,20130814,0.03,0,85,96,72,8.9,340,350,-9999
EL PASO INTERNATIONAL AIRPORT TX US,20130815,0.3,0,81,95,70,5.8,90,220,-9999
EL PASO INTERNATIONAL AIRPORT TX US,20130816,0,0,81,97,69,4.7,110,110,-9999
EL PASO INTERNATIONAL AIRPORT TX US,20130817,0,0,86,100,72,5.8,120,110,-9999
EL PASO INTERNATIONAL AIRPORT TX US,20130818,0,0,87,98,72,5.8,260,140,-9999
EL PASO INTERNATIONAL AIRPORT TX US,20130819,0,0,85,97,73,6,110,110,-9999
EL PASO INTERNATIONAL AIRPORT TX US,20130820,0,0,85,95,75,6,360,360,-9999
EL PASO INTERNATIONAL AIRPORT TX US,20130821,0,0,85,95,73,7.2,120,120,-9999
EL PASO INTERNATIONAL AIRPORT TX US,20130822,0,0,83,93,71,5.6,130,140,-9999
EL PASO INTERNATIONAL AIRPORT TX US,20130823,0,0,82,92,72,8.9,120,110,-9999
EL PASO INTERNATIONAL AIRPORT TX US,20130824,0,0,78,89,71,6.7,190,130,-9999
EL PASO INTERNATIONAL AIRPORT TX US,20130825,0,0,82,94,71,9.2,110,110,-9999
EL PASO INTERNATIONAL AIRPORT TX US,20130826,0,0,83,92,73,9.6,120,100,-9999
EL PASO INTERNATIONAL AIRPORT TX US,20130827,0.11,0,80,86,71,7.4,110,110,-9999
EL PASO INTERNATIONAL AIRPORT TX US,20130828,0.03,0,76,79,71,2.9,360,350,-9999
EL PASO INTERNATIONAL AIRPORT TX US,20130829,0.62,0,73,80,66,5.1,180,180,-9999
EL PASO INTERNATIONAL AIRPORT TX US,20130830,0,0,76,91,68,3.1,300,290,-9999
EL PASO INTERNATIONAL AIRPORT TX US,20130831,0,0,82,96,70,4.9,290,250,-9999
EL PASO INTERNATIONAL AIRPORT TX US,20130901,0,0,87,98,73,5.1,110,120,-9999
EL PASO INTERNATIONAL AIRPORT TX US,20130902,0,0,86,95,74,8.9,80,80,-9999
EL PASO INTERNATIONAL AIRPORT TX US,20130903,0,0,83,93,74,9.2,100,110,-9999
EL PASO INTERNATIONAL AIRPORT TX US,20130904,0,0,82,92,71,6.5,110,110,-9999
EL PASO INTERNATIONAL AIRPORT TX US,20130905,0,0,83,94,72,8.3,140,100,-9999
EL PASO INTERNATIONAL AIRPORT TX US,20130906,0,0,83,93,71,7.4,120,100,-9999
EL PASO INTERNATIONAL AIRPORT TX US,20130907,0,0,84,93,73,6.9,130,130,-9999
EL PASO INTERNATIONAL AIRPORT TX US,20130908,0,0,83,93,73,8.3,100,100,-9999
EL PASO INTERNATIONAL AIRPORT TX US,20130909,0.02,0,80,89,69,8.3,160,160,-9999
EL PASO INTERNATIONAL AIRPORT TX US,20130910,0.92,0,72,79,67,5.4,180,120,-9999
EL PASO INTERNATIONAL AIRPORT TX US,20130911,0.17,0,71,79,68,6.9,10,150,-9999
EL PASO INTERNATIONAL AIRPORT TX US,20130912,1.9,0,68,70,64,9.4,20,40,-9999
EL PASO INTERNATIONAL AIRPORT TX US,20130913,0.3,0,68,73,65,12.3,10,10,-9999
EL PASO INTERNATIONAL AIRPORT TX US,20130914,0,0,71,83,65,7.8,350,120,-9999
EL PASO INTERNATIONAL AIRPORT TX US,20130915,0,0,75,85,65,6.7,100,110,-9999
EL PASO INTERNATIONAL AIRPORT TX US,20130916,0,0,74,83,66,11.4,360,60,-9999
EL PASO INTERNATIONAL AIRPORT TX US,20130917,0,0,75,85,67,7.8,110,150,-9999
EL PASO INTERNATIONAL AIRPORT TX US,20130918,0,0,76,87,68,6.9,150,180,-9999
EL PASO INTERNATIONAL AIRPORT TX US,20130919,0.54,0,77,86,68,6.5,60,50,-9999
EL PASO INTERNATIONAL AIRPORT TX US,20130920,0,0,73,82,66,7.6,110,40,-9999
EL PASO INTERNATIONAL AIRPORT TX US,20130921,0,0,70,80,62,5.8,130,100,-9999
EL PASO INTERNATIONAL AIRPORT TX US,20130922,0,0,72,85,62,7.4,210,150,-9999
EL PASO INTERNATIONAL AIRPORT TX US,20130923,0,0,78,85,67,9.8,270,300,-9999
EL PASO INTERNATIONAL AIRPORT TX US,20130924,0,0,72,86,59,5.8,360,360,-9999
EL PASO INTERNATIONAL AIRPORT TX US,20130925,0,0,74,90,58,5.4,240,230,-9999
EL PASO INTERNATIONAL AIRPORT TX US,20130926,0,0,79,88,68,8.5,250,260,-9999
EL PASO INTERNATIONAL AIRPORT TX US,20130927,0,0,80,87,67,12.1,300,310,-9999
EL PASO INTERNATIONAL AIRPORT TX US,20130928,0,0,71,77,56,10.5,360,360,-9999
EL PASO INTERNATIONAL AIRPORT TX US,20130929,0,0,65,82,49,3.8,280,280,-9999
EL PASO INTERNATIONAL AIRPORT TX US,20130930,0,0,71,88,56,8.1,290,260,-9999
EL PASO INTERNATIONAL AIRPORT TX US,20131001,0,0,80,89,60,10.3,300,280,-9999
EL PASO INTERNATIONAL AIRPORT TX US,20131002,0,0,76,88,62,5.8,230,290,-9999
EL PASO INTERNATIONAL AIRPORT TX US,20131003,0,0,74,86,60,7.6,270,260,-9999
EL PASO INTERNATIONAL AIRPORT TX US,20131004,0,0,75,85,62,10.5,240,240,-9999
EL PASO INTERNATIONAL AIRPORT TX US,20131005,0,0,68,75,54,11.4,20,350,-9999
EL PASO INTERNATIONAL AIRPORT TX US,20131006,0,0,62,76,45,6.7,360,10,-9999
EL PASO INTERNATIONAL AIRPORT TX US,20131007,0,0,63,80,46,3.8,80,80,-9999
EL PASO INTERNATIONAL AIRPORT TX US,20131008,0,0,66,86,48,5.8,240,240,-9999
EL PASO INTERNATIONAL AIRPORT TX US,20131009,0,0,74,85,60,8.1,190,220,-9999
EL PASO INTERNATIONAL AIRPORT TX US,20131010,0,0,74,85,58,17,250,250,-9999
EL PASO INTERNATIONAL AIRPORT TX US,20131011,0,0,66,77,51,6.3,240,250,-9999
EL PASO INTERNATIONAL AIRPORT TX US,20131012,0,0,65,81,47,6.5,360,360,-9999
EL PASO INTERNATIONAL AIRPORT TX US,20131013,0,0,70,81,59,5.1,170,180,-9999
EL PASO INTERNATIONAL AIRPORT TX US,20131014,0,0,73,77,66,9.8,250,260,-9999
EL PASO INTERNATIONAL AIRPORT TX US,20131015,0,0,69,71,57,8.3,110,100,-9999
EL PASO INTERNATIONAL AIRPORT TX US,20131016,0,0,62,76,56,6.3,270,270,-9999
EL PASO INTERNATIONAL AIRPORT TX US,20131017,0,0,62,76,46,5.4,240,250,-9999
EL PASO INTERNATIONAL AIRPORT TX US,20131018,0,0,61,77,42,5.6,290,290,-9999
EL PASO INTERNATIONAL AIRPORT TX US,20131019,0,0,57,73,41,2,340,50,-9999
EL PASO INTERNATIONAL AIRPORT TX US,20131020,0,0,59,78,38,5.6,250,250,-9999
EL PASO INTERNATIONAL AIRPORT TX US,20131021,0,0,62,72,46,5.8,100,140,-9999
EL PASO INTERNATIONAL AIRPORT TX US,20131022,0,0,59,75,46,4.5,10,350,-9999
EL PASO INTERNATIONAL AIRPORT TX US,20131023,0,0,60,79,42,4.7,20,360,-9999
EL PASO INTERNATIONAL AIRPORT TX US,20131024,0,0,65,82,53,7.8,100,100,-9999
EL PASO INTERNATIONAL AIRPORT TX US,20131025,0,0,69,79,57,6.7,120,150,-9999
EL PASO INTERNATIONAL AIRPORT TX US,20131026,0,0,64,77,54,10.1,360,10,-9999
EL PASO INTERNATIONAL AIRPORT TX US,20131027,0,0,62,77,47,3.8,70,70,-9999
EL PASO INTERNATIONAL AIRPORT TX US,20131028,0,0,65,80,49,8.9,250,250,-9999
EL PASO INTERNATIONAL AIRPORT TX US,20131029,0,0,70,75,64,7.6,240,230,-9999
EL PASO INTERNATIONAL AIRPORT TX US,20131030,0,0,66,71,59,14.1,240,240,-9999
EL PASO INTERNATIONAL AIRPORT TX US,20131031,0,0,61,69,45,11.6,280,270,-9999
EL PASO INTERNATIONAL AIRPORT TX US,20131101,0,0,60,71,41,5.8,340,330,-9999
EL PASO INTERNATIONAL AIRPORT TX US,20131102,0,0,56,72,39,6,140,130,-9999
EL PASO INTERNATIONAL AIRPORT TX US,20131103,0,0,62,76,52,7.2,140,150,-9999
EL PASO INTERNATIONAL AIRPORT TX US,20131104,0,0,62,74,52,5.1,150,170,-9999
EL PASO INTERNATIONAL AIRPORT TX US,20131105,0,0,63,69,54,9.6,270,250,-9999
EL PASO INTERNATIONAL AIRPORT TX US,20131106,0,0,56,64,45,11.4,20,30,-9999
EL PASO INTERNATIONAL AIRPORT TX US,20131107,0,0,51,68,33,6.5,140,130,-9999
EL PASO INTERNATIONAL AIRPORT TX US,20131108,0,0,56,71,43,4.7,150,150,-9999
EL PASO INTERNATIONAL AIRPORT TX US,20131109,0,0,58,74,47,2.7,160,160,-9999
EL PASO INTERNATIONAL AIRPORT TX US,20131110,0,0,58,76,42,4.3,80,90,-9999
EL PASO INTERNATIONAL AIRPORT TX US,20131111,0,0,61,78,46,6.7,10,10,-9999
EL PASO INTERNATIONAL AIRPORT TX US,20131112,0,0,58,60,45,11.2,120,120,-9999
EL PASO INTERNATIONAL AIRPORT TX US,20131113,0,0,49,61,45,4.5,110,110,-9999
EL PASO INTERNATIONAL AIRPORT TX US,20131114,0,0,55,69,43,5.8,250,210,-9999
EL PASO INTERNATIONAL AIRPORT TX US,20131115,0,0,58,72,49,10.5,200,190,-9999
EL PASO INTERNATIONAL AIRPORT TX US,20131116,0,0,64,75,57,16.1,250,250,-9999
EL PASO INTERNATIONAL AIRPORT TX US,20131117,0,0,64,70,51,9.8,280,280,-9999
EL PASO INTERNATIONAL AIRPORT TX US,20131118,0,0,59,72,49,3.4,150,150,-9999
EL PASO INTERNATIONAL AIRPORT TX US,20131119,0,0,59,75,47,5.8,240,230,-9999
EL PASO INTERNATIONAL AIRPORT TX US,20131120,0,0,61,72,51,8.5,250,260,-9999
EL PASO INTERNATIONAL AIRPORT TX US,20131121,0,0,64,74,53,6,250,220,-9999
EL PASO INTERNATIONAL AIRPORT TX US,20131122,0,0,51,62,35,11.9,80,80,-9999
EL PASO INTERNATIONAL AIRPORT TX US,20131123,0.02,0,36,39,31,12.3,100,100,-9999
EL PASO INTERNATIONAL AIRPORT TX US,20131124,0.08,0,32,35,28,5.8,70,60,-9999
EL PASO INTERNATIONAL AIRPORT TX US,20131125,0,0,37,47,31,5.6,10,20,-9999
EL PASO INTERNATIONAL AIRPORT TX US,20131126,0,0,39,54,27,3.4,140,140,-9999
EL PASO INTERNATIONAL AIRPORT TX US,20131127,0,0,40,50,24,4.5,350,150,-9999
EL PASO INTERNATIONAL AIRPORT TX US,20131128,0,0,42,58,31,5.6,10,30,-9999
EL PASO INTERNATIONAL AIRPORT TX US,20131129,0,0,47,64,36,5.4,10,10,-9999
EL PASO INTERNATIONAL AIRPORT TX US,20131130,0,0,51,65,41,5.1,360,360,-9999
EL PASO INTERNATIONAL AIRPORT TX US,20131201,0,0,52,57,44,3.6,350,350,-9999
EL PASO INTERNATIONAL AIRPORT TX US,20131202,0,0,49,67,32,7.4,260,260,-9999
EL PASO INTERNATIONAL AIRPORT TX US,20131203,0,0,60,72,46,11.6,250,250,-9999
EL PASO INTERNATIONAL AIRPORT TX US,20131204,0,0,63,71,56,23,250,250,-9999
EL PASO INTERNATIONAL AIRPORT TX US,20131205,0.2,0,55,57,44,9.8,250,220,-9999
EL PASO INTERNATIONAL AIRPORT TX US,20131206,0,0,46,53,34,6.5,290,300,-9999
EL PASO INTERNATIONAL AIRPORT TX US,20131207,0,0,37,41,31,5.8,100,110,-9999
EL PASO INTERNATIONAL AIRPORT TX US,20131208,0,0,39,56,28,6,250,240,-9999
EL PASO INTERNATIONAL AIRPORT TX US,20131209,0,0,43,56,30,11,250,280,-9999
EL PASO INTERNATIONAL AIRPORT TX US,20131210,0,0,37,49,26,9.6,360,360,-9999
EL PASO INTERNATIONAL AIRPORT TX US,20131211,0,0,41,56,31,6.7,350,350,-9999
EL PASO INTERNATIONAL AIRPORT TX US,20131212,0.03,0,42,46,37,8.5,350,360,-9999
EL PASO INTERNATIONAL AIRPORT TX US,20131213,0,0,43,58,33,10.5,260,270,-9999
EL PASO INTERNATIONAL AIRPORT TX US,20131214,0,0,47,55,33,5.8,350,70,-9999
EL PASO INTERNATIONAL AIRPORT TX US,20131215,0,0,40,57,26,2,80,80,-9999
EL PASO INTERNATIONAL AIRPORT TX US,20131216,0,0,42,61,25,2,70,80,-9999
EL PASO INTERNATIONAL AIRPORT TX US,20131217,0,0,47,65,30,1.6,80,70,-9999
EL PASO INTERNATIONAL AIRPORT TX US,20131218,0,0,46,62,30,4.9,220,220,-9999
EL PASO INTERNATIONAL AIRPORT TX US,20131219,0,0,54,70,39,11.4,260,240,-9999
EL PASO INTERNATIONAL AIRPORT TX US,20131220,0.01,0,55,59,41,8.7,250,240,-9999
EL PASO INTERNATIONAL AIRPORT TX US,20131221,0.02,0,44,48,36,17.4,250,260,-9999
EL PASO INTERNATIONAL AIRPORT TX US,20131222,0,0,45,54,32,7.6,300,310,-9999
EL PASO INTERNATIONAL AIRPORT TX US,20131223,0,0,40,55,24,5.4,350,340,-9999
EL PASO INTERNATIONAL AIRPORT TX US,20131224,0,0,40,58,27,4,30,20,-9999
EL PASO INTERNATIONAL AIRPORT TX US,20131225,0,0,42,54,31,5.4,80,100,-9999
EL PASO INTERNATIONAL AIRPORT TX US,20131226,0,0,40,52,24,3.4,40,30,-9999
EL PASO INTERNATIONAL AIRPORT TX US,20131227,0,0,40,56,26,4.9,360,360,-9999
EL PASO INTERNATIONAL AIRPORT TX US,20131228,0,0,40,57,22,6.5,240,240,-9999
EL PASO INTERNATIONAL AIRPORT TX US,20131229,0,0,47,53,32,7.4,100,100,-9999
EL PASO INTERNATIONAL AIRPORT TX US,20131230,0,0,38,56,23,2.7,20,40,-9999
EL PASO INTERNATIONAL AIRPORT TX US,20131231,0,0,41,57,25,2.9,250,200,-9999
EL PASO INTERNATIONAL AIRPORT TX US,20140101,0,0,43,63,25,2.5,20,60,-9999
EL PASO INTERNATIONAL AIRPORT TX US,20140102,0,0,45,57,33,4.5,90,90,-9999
EL PASO INTERNATIONAL AIRPORT TX US,20140103,0,0,43,61,31,8.1,250,250,-9999
EL PASO INTERNATIONAL AIRPORT TX US,20140104,0,0,54,66,44,10.1,250,240,-9999
EL PASO INTERNATIONAL AIRPORT TX US,20140105,0,0,49,57,31,11.4,360,10,-9999
EL PASO INTERNATIONAL AIRPORT TX US,20140106,0,0,35,48,22,3.4,50,50,-9999
EL PASO INTERNATIONAL AIRPORT TX US,20140107,0,0,35,52,19,3.4,170,170,-9999
EL PASO INTERNATIONAL AIRPORT TX US,20140108,0,0,47,65,35,4.9,250,250,-9999
EL PASO INTERNATIONAL AIRPORT TX US,20140109,0,0,49,63,31,6.9,240,240,-9999
EL PASO INTERNATIONAL AIRPORT TX US,20140110,0,0,55,63,45,14.3,260,250,-9999
EL PASO INTERNATIONAL AIRPORT TX US,20140111,0,0,51,65,33,5.6,220,230,-9999
EL PASO INTERNATIONAL AIRPORT TX US,20140112,0,0,53,68,40,15.4,270,280,-9999
EL PASO INTERNATIONAL AIRPORT TX US,20140113,0,0,53,60,40,9.2,10,10,-9999
EL PASO INTERNATIONAL AIRPORT TX US,20140114,0,0,47,62,30,3.8,70,360,-9999
EL PASO INTERNATIONAL AIRPORT TX US,20140115,0,0,44,62,29,5.6,230,230,-9999
EL PASO INTERNATIONAL AIRPORT TX US,20140116,0,0,47,64,29,4.5,350,10,-9999
EL PASO INTERNATIONAL AIRPORT TX US,20140117,0,0,47,61,28,2.2,240,170,-9999
EL PASO INTERNATIONAL AIRPORT TX US,20140118,0,0,45,65,27,3.4,50,340,-9999
EL PASO INTERNATIONAL AIRPORT TX US,20140119,0,0,47,64,30,4.9,220,220,-9999
EL PASO INTERNATIONAL AIRPORT TX US,20140120,0,0,49,69,31,3.6,80,80,-9999
EL PASO INTERNATIONAL AIRPORT TX US,20140121,0,0,51,63,38,2.9,80,70,-9999
EL PASO INTERNATIONAL AIRPORT TX US,20140122,0,0,48,64,35,4.3,30,20,-9999
EL PASO INTERNATIONAL AIRPORT TX US,20140123,0,0,47,51,29,11.9,70,70,-9999
EL PASO INTERNATIONAL AIRPORT TX US,20140124,0,0,33,49,26,2.7,90,90,-9999
EL PASO INTERNATIONAL AIRPORT TX US,20140125,0,0,42,62,30,3.1,250,250,-9999
EL PASO INTERNATIONAL AIRPORT TX US,20140126,0,0,56,71,45,13,280,280,-9999
EL PASO INTERNATIONAL AIRPORT TX US,20140127,0,0,55,61,41,7.2,280,320,-9999
EL PASO INTERNATIONAL AIRPORT TX US,20140128,0,0,43,50,25,5.8,100,110,-9999
EL PASO INTERNATIONAL AIRPORT TX US,20140129,0,0,34,55,21,4,160,190,-9999
EL PASO INTERNATIONAL AIRPORT TX US,20140130,0,0,55,73,38,14.5,250,240,-9999
EL PASO INTERNATIONAL AIRPORT TX US,20140131,0,0,64,71,57,23.5,250,240,-9999
EL PASO INTERNATIONAL AIRPORT TX US,20140201,0,0,61,66,53,14.5,250,250,-9999
EL PASO INTERNATIONAL AIRPORT TX US,20140202,0,0,52,57,39,7.6,360,170,-9999
EL PASO INTERNATIONAL AIRPORT TX US,20140203,0,0,45,61,36,8.1,260,270,-9999
EL PASO INTERNATIONAL AIRPORT TX US,20140204,0,0,49,54,38,12.3,260,270,-9999
EL PASO INTERNATIONAL AIRPORT TX US,20140205,0,0,42,46,27,8.7,80,80,-9999
EL PASO INTERNATIONAL AIRPORT TX US,20140206,0,0,29,42,20,6,70,90,-9999
EL PASO INTERNATIONAL AIRPORT TX US,20140207,0,0,43,59,34,10.1,260,250,-9999
EL PASO INTERNATIONAL AIRPORT TX US,20140208,0,0,56,67,46,12.8,270,280,-9999
EL PASO INTERNATIONAL AIRPORT TX US,20140209,0,0,59,74,47,13.6,280,270,-9999
EL PASO INTERNATIONAL AIRPORT TX US,20140210,0,0,66,75,53,11.4,250,250,-9999
EL PASO INTERNATIONAL AIRPORT TX US,20140211,0,0,52,62,33,4.7,90,210,-9999
EL PASO INTERNATIONAL AIRPORT TX US,20140212,0,0,47,66,31,6,150,250,-9999
EL PASO INTERNATIONAL AIRPORT TX US,20140213,0,0,58,76,41,9.2,280,280,-9999
EL PASO INTERNATIONAL AIRPORT TX US,20140214,0,0,68,80,58,8.7,280,280,-9999
EL PASO INTERNATIONAL AIRPORT TX US,20140215,0,0,67,83,46,6.3,240,250,-9999
EL PASO INTERNATIONAL AIRPORT TX US,20140216,0,0,68,82,50,9.6,280,280,-9999
EL PASO INTERNATIONAL AIRPORT TX US,20140217,0,0,67,74,49,5.8,160,140,-9999
EL PASO INTERNATIONAL AIRPORT TX US,20140218,0,0,62,80,44,6.7,300,220,-9999
EL PASO INTERNATIONAL AIRPORT TX US,20140219,0,0,64,77,49,13.4,260,250,-9999
EL PASO INTERNATIONAL AIRPORT TX US,20140220,0,0,65,67,46,13.4,280,270,-9999
EL PASO INTERNATIONAL AIRPORT TX US,20140221,0,0,52,70,38,6.7,250,240,-9999
EL PASO INTERNATIONAL AIRPORT TX US,20140222,0,0,62,74,47,6.7,250,260,-9999
EL PASO INTERNATIONAL AIRPORT TX US,20140223,0,0,65,76,52,7.4,210,210,-9999
EL PASO INTERNATIONAL AIRPORT TX US,20140224,0,0,67,77,54,5.6,260,230,-9999
EL PASO INTERNATIONAL AIRPORT TX US,20140225,0,0,63,74,50,11.6,250,260,-9999
EL PASO INTERNATIONAL AIRPORT TX US,20140226,0,0,60,69,47,8.5,250,260,-9999
EL PASO INTERNATIONAL AIRPORT TX US,20140227,0,0,62,76,51,15,280,260,-9999
EL PASO INTERNATIONAL AIRPORT TX US,20140228,0,0,67,76,55,11.4,270,270,-9999
EL PASO INTERNATIONAL AIRPORT TX US,20140301,0,0,69,78,51,14.1,260,260,-9999
EL PASO INTERNATIONAL AIRPORT TX US,20140302,0.16,0,58,63,48,13,260,270,-9999
EL PASO INTERNATIONAL AIRPORT TX US,20140303,0,0,52,61,43,4.7,40,140,-9999
EL PASO INTERNATIONAL AIRPORT TX US,20140304,0,0,51,64,39,5.6,250,250,-9999
EL PASO INTERNATIONAL AIRPORT TX US,20140305,0,0,60,71,51,8.9,360,360,-9999
EL PASO INTERNATIONAL AIRPORT TX US,20140306,0,0,57,72,44,3.4,120,190,-9999
EL PASO INTERNATIONAL AIRPORT TX US,20140307,0,0,64,77,46,10.1,280,260,-9999
EL PASO INTERNATIONAL AIRPORT TX US,20140308,0,0,61,64,49,13.9,20,20,-9999
EL PASO INTERNATIONAL AIRPORT TX US,20140309,0,0,51,62,42,6,30,50,-9999
EL PASO INTERNATIONAL AIRPORT TX US,20140310,0,0,53,71,35,8.1,260,260,-9999
EL PASO INTERNATIONAL AIRPORT TX US,20140311,0,0,65,75,53,13.4,280,280,1
EL PASO INTERNATIONAL AIRPORT TX US,20140312,0,0,56,63,41,12.5,80,80,-9999
EL PASO INTERNATIONAL AIRPORT TX US,20140313,0,0,50,69,36,4.9,160,150,-9999
EL PASO INTERNATIONAL AIRPORT TX US,20140314,0.02,0,60,74,46,8.3,260,270,-9999
EL PASO INTERNATIONAL AIRPORT TX US,20140315,0,0,59,70,47,15.2,10,360,1
EL PASO INTERNATIONAL AIRPORT TX US,20140316,0,0,51,62,42,8.1,10,10,1
EL PASO INTERNATIONAL AIRPORT TX US,20140317,0,0,59,77,47,15.2,280,280,-9999
EL PASO INTERNATIONAL AIRPORT TX US,20140318,0,0,68,77,55,13.6,270,280,-9999
EL PASO INTERNATIONAL AIRPORT TX US,20140319,0,0,58,70,43,5.8,250,110,-9999
EL PASO INTERNATIONAL AIRPORT TX US,20140320,0,0,59,78,39,3.6,250,240,-9999
EL PASO INTERNATIONAL AIRPORT TX US,20140321,0,0,70,79,60,13,260,260,-9999
EL PASO INTERNATIONAL AIRPORT TX US,20140322,0,0,68,80,54,9.2,240,240,-9999
EL PASO INTERNATIONAL AIRPORT TX US,20140323,0,0,60,67,47,7.2,80,80,-9999
EL PASO INTERNATIONAL AIRPORT TX US,20140324,0,0,58,77,42,3.6,10,10,-9999
EL PASO INTERNATIONAL AIRPORT TX US,20140325,0,0,61,71,49,10.7,110,110,-9999
EL PASO INTERNATIONAL AIRPORT TX US,20140326,0,0,61,78,44,17.4,250,240,-9999
EL PASO INTERNATIONAL AIRPORT TX US,20140327,0,0,68,77,59,21.3,250,260,-9999
EL PASO INTERNATIONAL AIRPORT TX US,20140328,0,0,65,74,51,13.9,280,290,-9999
EL PASO INTERNATIONAL AIRPORT TX US,20140329,0,0,62,78,44,5.4,100,100,-9999
EL PASO INTERNATIONAL AIRPORT TX US,20140330,0,0,68,85,53,12.3,300,300,-9999
EL PASO INTERNATIONAL AIRPORT TX US,20140331,0,0,70,81,54,12.5,260,260,-9999
EL PASO INTERNATIONAL AIRPORT TX US,20140401,0,0,69,84,56,15.4,250,240,-9999
EL PASO INTERNATIONAL AIRPORT TX US,20140402,0,0,72,81,61,22.1,250,260,1
EL PASO INTERNATIONAL AIRPORT TX US,20140403,0,0,61,68,50,16.3,260,260,-9999
EL PASO INTERNATIONAL AIRPORT TX US,20140404,0,0,57,72,38,8.5,130,160,-9999
EL PASO INTERNATIONAL AIRPORT TX US,20140405,0,0,62,72,48,13,250,250,-9999
EL PASO INTERNATIONAL AIRPORT TX US,20140406,0,0,61,72,47,11.6,280,270,-9999
EL PASO INTERNATIONAL AIRPORT TX US,20140407,0,0,64,74,51,10.7,320,330,-9999
EL PASO INTERNATIONAL AIRPORT TX US,20140408,0,0,61,79,42,5.1,240,200,-9999
EL PASO INTERNATIONAL AIRPORT TX US,20140409,0,0,67,87,50,5.8,260,230,-9999
EL PASO INTERNATIONAL AIRPORT TX US,20140410,0,0,73,88,53,7.6,280,280,-9999
EL PASO INTERNATIONAL AIRPORT TX US,20140411,0,0,73,87,50,8.1,290,260,-9999
EL PASO INTERNATIONAL AIRPORT TX US,20140412,0,0,73,84,61,15.2,200,200,-9999
EL PASO INTERNATIONAL AIRPORT TX US,20140413,0,0,70,81,62,19.7,260,250,-9999
EL PASO INTERNATIONAL AIRPORT TX US,20140414,0,0,62,70,45,11.4,300,290,-9999
EL PASO INTERNATIONAL AIRPORT TX US,20140415,0,0,52,71,38,4.9,140,160,-9999
EL PASO INTERNATIONAL AIRPORT TX US,20140416,0,0,65,86,48,8.5,250,290,-9999
EL PASO INTERNATIONAL AIRPORT TX US,20140417,0,0,71,82,53,9.4,270,280,-9999
EL PASO INTERNATIONAL AIRPORT TX US,20140418,0,0,68,83,54,9.4,130,110,-9999
EL PASO INTERNATIONAL AIRPORT TX US,20140419,0.45,0,69,76,53,7.6,230,250,-9999
EL PASO INTERNATIONAL AIRPORT TX US,20140420,0,0,61,79,50,6,240,220,-9999
EL PASO INTERNATIONAL AIRPORT TX US,20140421,0,0,70,86,55,2.9,350,210,-9999
EL PASO INTERNATIONAL AIRPORT TX US,20140422,0,0,75,89,63,10.7,190,200,-9999
EL PASO INTERNATIONAL AIRPORT TX US,20140423,0,0,78,86,66,17.7,250,260,-9999
EL PASO INTERNATIONAL AIRPORT TX US,20140424,0,0,73,82,59,7.6,310,310,-9999
EL PASO INTERNATIONAL AIRPORT TX US,20140425,0,0,73,87,57,13,250,230,-9999
EL PASO INTERNATIONAL AIRPORT TX US,20140426,0,0,77,84,57,23,250,260,1
EL PASO INTERNATIONAL AIRPORT TX US,20140427,0,0,63,72,53,26.6,270,260,-9999
EL PASO INTERNATIONAL AIRPORT TX US,20140428,0,0,68,80,59,19.7,280,250,-9999
EL PASO INTERNATIONAL AIRPORT TX US,20140429,0,0,64,69,51,12.8,20,10,-9999
EL PASO INTERNATIONAL AIRPORT TX US,20140430,0,0,58,68,51,15.4,100,110,-9999
EL PASO INTERNATIONAL AIRPORT TX US,20140501,0,0,59,65,51,11.4,90,100,-9999
EL PASO INTERNATIONAL AIRPORT TX US,20140502,0,0,59,77,45,6,300,250,-9999
EL PASO INTERNATIONAL AIRPORT TX US,20140503,0,0,68,86,51,5.6,180,180,-9999
EL PASO INTERNATIONAL AIRPORT TX US,20140504,0,0,74,93,55,7.6,270,240,-9999
EL PASO INTERNATIONAL AIRPORT TX US,20140505,0,0,80,91,68,14.5,250,250,-9999
EL PASO INTERNATIONAL AIRPORT TX US,20140506,0,0,78,88,66,19.7,250,270,1
EL PASO INTERNATIONAL AIRPORT TX US,20140507,0,0,76,85,65,18.3,260,260,1
EL PASO INTERNATIONAL AIRPORT TX US,20140508,0,0,68,77,57,11.2,250,260,-9999
EL PASO INTERNATIONAL AIRPORT TX US,20140509,0,0,68,84,48,9.2,240,240,-9999
EL PASO INTERNATIONAL AIRPORT TX US,20140510,0,0,76,90,59,15,250,250,-9999
EL PASO INTERNATIONAL AIRPORT TX US,20140511,0,0,80,90,67,23.3,250,260,1
EL PASO INTERNATIONAL AIRPORT TX US,20140512,0,0,71,79,59,10.5,320,80,1
EL PASO INTERNATIONAL AIRPORT TX US,20140513,0,0,61,67,49,12.1,20,20,1
EL PASO INTERNATIONAL AIRPORT TX US,20140514,0,0,59,70,49,6.5,100,80,-9999
EL PASO INTERNATIONAL AIRPORT TX US,20140515,0,0,64,81,51,3.1,190,180,-9999
EL PASO INTERNATIONAL AIRPORT TX US,20140516,0,0,71,91,51,6.3,270,260,-9999
EL PASO INTERNATIONAL AIRPORT TX US,20140517,0,0,79,94,61,6,250,190,-9999
EL PASO INTERNATIONAL AIRPORT TX US,20140518,0,0,80,96,59,11.4,260,250,-9999
EL PASO INTERNATIONAL AIRPORT TX US,20140519,0,0,85,95,69,13.2,260,250,-9999
EL PASO INTERNATIONAL AIRPORT TX US,20140520,0,0,82,92,63,8.7,220,220,-9999
EL PASO INTERNATIONAL AIRPORT TX US,20140521,0,0,80,94,64,9.6,210,190,-9999
EL PASO INTERNATIONAL AIRPORT TX US,20140522,0,0,81,89,66,9.2,250,250,-9999
EL PASO INTERNATIONAL AIRPORT TX US,20140523,0.01,0,77,90,64,8.5,120,120,-9999
EL PASO INTERNATIONAL AIRPORT TX US,20140524,0,0,74,89,59,10.7,300,310,-9999
EL PASO INTERNATIONAL AIRPORT TX US,20140525,0,0,74,85,60,8.7,240,250,-9999
EL PASO INTERNATIONAL AIRPORT TX US,20140526,0,0,75,88,61,7.6,20,20,-9999
EL PASO INTERNATIONAL AIRPORT TX US,20140527,0,0,78,95,61,4.7,10,320,-9999
EL PASO INTERNATIONAL AIRPORT TX US,20140528,0,0,83,97,68,8.1,110,110,-9999
EL PASO INTERNATIONAL AIRPORT TX US,20140529,0,0,83,95,72,8.3,310,70,-9999
EL PASO INTERNATIONAL AIRPORT TX US,20140530,0,0,83,95,71,7.4,110,110,-9999
EL PASO INTERNATIONAL AIRPORT TX US,20140531,0,0,85,102,73,4.9,260,260,-9999
EL PASO INTERNATIONAL AIRPORT TX US,20140601,0,0,89,102,70,9.8,250,260,-9999
EL PASO INTERNATIONAL AIRPORT TX US,20140602,0,0,90,104,70,4.3,210,220,-9999
EL PASO INTERNATIONAL AIRPORT TX US,20140603,0,0,90,109,72,6.9,180,190,-9999
EL PASO INTERNATIONAL AIRPORT TX US,20140604,0,0,93,107,78,8.5,280,290,-9999
EL PASO INTERNATIONAL AIRPORT TX US,20140605,0,0,92,107,70,5.1,260,270,-9999
EL PASO INTERNATIONAL AIRPORT TX US,20140606,0,0,92,106,69,8.3,250,260,-9999
EL PASO INTERNATIONAL AIRPORT TX US,20140607,0,0,92,101,76,6,230,230,-9999
EL PASO INTERNATIONAL AIRPORT TX US,20140608,0,0,87,98,71,10.3,240,230,-9999
EL PASO INTERNATIONAL AIRPORT TX US,20140609,0,0,87,96,74,10.1,10,360,-9999
EL PASO INTERNATIONAL AIRPORT TX US,20140610,0,0,83,99,68,6,280,280,-9999
EL PASO INTERNATIONAL AIRPORT TX US,20140611,0,0,90,102,76,13,260,240,-9999
EL PASO INTERNATIONAL AIRPORT TX US,20140612,0,0,92,100,82,14.8,280,270,-9999
EL PASO INTERNATIONAL AIRPORT TX US,20140613,0,0,87,100,73,11.9,260,250,-9999
EL PASO INTERNATIONAL AIRPORT TX US,20140614,0,0,87,100,76,17.2,260,240,1
EL PASO INTERNATIONAL AIRPORT TX US,20140615,0,0,90,99,76,13,250,270,-9999
EL PASO INTERNATIONAL AIRPORT TX US,20140616,0,0,88,100,71,9.6,260,240,-9999
EL PASO INTERNATIONAL AIRPORT TX US,20140617,0,0,90,99,79,10.5,210,240,-9999
EL PASO INTERNATIONAL AIRPORT TX US,20140618,0,0,86,96,76,10.3,270,270,-9999
EL PASO INTERNATIONAL AIRPORT TX US,20140619,0,0,85,97,69,7.8,170,160,-9999
EL PASO INTERNATIONAL AIRPORT TX US,20140620,0,0,84,96,73,9.2,60,70,1
EL PASO INTERNATIONAL AIRPORT TX US,20140621,0,0,83,99,70,4.5,100,100,-9999
EL PASO INTERNATIONAL AIRPORT TX US,20140622,0,0,89,103,74,11,280,280,-9999
EL PASO INTERNATIONAL AIRPORT TX US,20140623,0.01,0,91,99,73,6.5,250,250,-9999
EL PASO INTERNATIONAL AIRPORT TX US,20140624,0,0,85,99,73,8.5,240,240,-9999
EL PASO INTERNATIONAL AIRPORT TX US,20140625,0,0,89,101,78,10.5,140,140,-9999
EL PASO INTERNATIONAL AIRPORT TX US,20140626,0,0,88,102,76,13,260,240,-9999
EL PASO INTERNATIONAL AIRPORT TX US,20140627,0,0,92,101,83,16.8,240,240,-9999
EL PASO INTERNATIONAL AIRPORT TX US,20140628,0,0,91,101,81,11.4,250,260,-9999
EL PASO INTERNATIONAL AIRPORT TX US,20140629,0,0,93,106,81,11.4,250,250,-9999
EL PASO INTERNATIONAL AIRPORT TX US,20140630,0,0,94,107,77,12.5,270,300,-9999
EL PASO INTERNATIONAL AIRPORT TX US,20140701,0.08,0,94,100,69,13.6,360,360,-9999
EL PASO INTERNATIONAL AIRPORT TX US,20140702,0,0,78,92,69,11.2,10,40,-9999
EL PASO INTERNATIONAL AIRPORT TX US,20140703,0,0,81,91,72,8.7,150,130,-9999
EL PASO INTERNATIONAL AIRPORT TX US,20140704,0,0,83,95,74,8.1,70,80,-9999
EL PASO INTERNATIONAL AIRPORT TX US,20140705,0,0,86,97,76,7.8,10,190,-9999
EL PASO INTERNATIONAL AIRPORT TX US,20140706,0,0,87,95,72,10.7,10,350,-9999
EL PASO INTERNATIONAL AIRPORT TX US,20140707,0,0,78,92,70,7.6,130,130,-9999
EL PASO INTERNATIONAL AIRPORT TX US,20140708,0,0,83,96,73,7.8,120,120,-9999
EL PASO INTERNATIONAL AIRPORT TX US,20140709,0.05,0,85,96,74,6.7,100,110,-9999
EL PASO INTERNATIONAL AIRPORT TX US,20140710,0,0,85,98,73,6.9,70,70,-9999
EL PASO INTERNATIONAL AIRPORT TX US,20140711,0,0,86,97,75,8.3,100,100,-9999
EL PASO INTERNATIONAL AIRPORT TX US,20140712,0.19,0,83,93,73,7.2,150,40,-9999
EL PASO INTERNATIONAL AIRPORT TX US,20140713,0,0,79,91,70,6.9,70,70,-9999
EL PASO INTERNATIONAL AIRPORT TX US,20140714,0,0,84,96,75,8.5,50,50,-9999
EL PASO INTERNATIONAL AIRPORT TX US,20140715,0,0,81,94,71,6.9,30,50,-9999
EL PASO INTERNATIONAL AIRPORT TX US,20140716,0.03,0,81,96,68,8.1,310,270,-9999
EL PASO INTERNATIONAL AIRPORT TX US,20140717,0,0,83,98,74,8.3,70,80,-9999
EL PASO INTERNATIONAL AIRPORT TX US,20140718,0,0,83,99,70,6,110,110,-9999
EL PASO INTERNATIONAL AIRPORT TX US,20140719,0,0,89,104,77,10.5,260,240,-9999
EL PASO INTERNATIONAL AIRPORT TX US,20140720,0,0,91,104,77,12.1,250,260,-9999
EL PASO INTERNATIONAL AIRPORT TX US,20140721,0.04,0,88,102,77,8.5,250,30,-9999
EL PASO INTERNATIONAL AIRPORT TX US,20140722,0.06,0,87,101,74,7.4,50,50,-9999
EL PASO INTERNATIONAL AIRPORT TX US,20140723,0.08,0,81,96,70,8.9,130,130,-9999
EL PASO INTERNATIONAL AIRPORT TX US,20140724,0,0,85,98,74,5.8,140,140,-9999
EL PASO INTERNATIONAL AIRPORT TX US,20140725,0,0,87,100,73,4.5,110,40,-9999
EL PASO INTERNATIONAL AIRPORT TX US,20140726,0,0,89,103,75,6.7,180,110,-9999
EL PASO INTERNATIONAL AIRPORT TX US,20140727,0,0,89,99,79,6.9,250,140,-9999
EL PASO INTERNATIONAL AIRPORT TX US,20140728,0.02,0,85,94,74,12.5,360,360,-9999
EL PASO INTERNATIONAL AIRPORT TX US,20140729,0.09,0,78,89,68,7.4,30,340,-9999
EL PASO INTERNATIONAL AIRPORT TX US,20140730,0.01,0,84,101,71,6.9,10,350,-9999
EL PASO INTERNATIONAL AIRPORT TX US,20140731,0.04,0,81,90,71,9.2,100,100,-9999
EL PASO INTERNATIONAL AIRPORT TX US,20140801,0.16,0,73,78,66,8.7,20,20,-9999
EL PASO INTERNATIONAL AIRPORT TX US,20140802,0.37,0,71,80,64,10.3,100,100,-9999
EL PASO INTERNATIONAL AIRPORT TX US,20140803,0.03,0,74,85,67,7.2,110,130,-9999
EL PASO INTERNATIONAL AIRPORT TX US,20140804,0,0,80,88,73,8.1,270,270,-9999
EL PASO INTERNATIONAL AIRPORT TX US,20140805,0,0,79,92,72,6,200,210,-9999
EL PASO INTERNATIONAL AIRPORT TX US,20140806,0,0,83,95,71,6.9,190,190,-9999
EL PASO INTERNATIONAL AIRPORT TX US,20140807,0.27,0,83,94,71,8.3,110,110,-9999
EL PASO INTERNATIONAL AIRPORT TX US,20140808,0,0,79,89,73,4.7,80,80,-9999
EL PASO INTERNATIONAL AIRPORT TX US,20140809,0.13,0,78,89,68,5.8,130,130,-9999
EL PASO INTERNATIONAL AIRPORT TX US,20140810,0.01,0,79,92,71,9.2,20,360,-9999
EL PASO INTERNATIONAL AIRPORT TX US,20140811,0,0,77,85,70,11.6,140,150,-9999
EL PASO INTERNATIONAL AIRPORT TX US,20140812,0.05,0,78,86,71,7.2,40,90,-9999
EL PASO INTERNATIONAL AIRPORT TX US,20140813,0,0,78,92,69,6.7,160,160,-9999
EL PASO INTERNATIONAL AIRPORT TX US,20140814,0,0,81,91,73,7.4,250,250,-9999
EL PASO INTERNATIONAL AIRPORT TX US,20140815,0,0,81,94,71,7.6,260,230,-9999
EL PASO INTERNATIONAL AIRPORT TX US,20140816,0,0,85,96,73,5.8,20,10,-9999
EL PASO INTERNATIONAL AIRPORT TX US,20140817,0,0,82,94,71,7.2,90,80,-9999
EL PASO INTERNATIONAL AIRPORT TX US,20140818,0,0,81,94,70,5.6,190,190,-9999
EL PASO INTERNATIONAL AIRPORT TX US,20140819,0,0,83,93,72,11.6,250,250,-9999
EL PASO INTERNATIONAL AIRPORT TX US,20140820,0,0,78,92,69,10.5,240,240,-9999
EL PASO INTERNATIONAL AIRPORT TX US,20140821,0.01,0,83,95,68,8.1,160,160,-9999
EL PASO INTERNATIONAL AIRPORT TX US,20140822,0.67,0,75,80,64,5.6,210,230,-9999
EL PASO INTERNATIONAL AIRPORT TX US,20140823,0,0,76,89,66,6.7,240,250,-9999
EL PASO INTERNATIONAL AIRPORT TX US,20140824,0,0,80,93,70,6.9,150,140,-9999
EL PASO INTERNATIONAL AIRPORT TX US,20140825,0.01,0,78,83,70,7.2,190,200,-9999
EL PASO INTERNATIONAL AIRPORT TX US,20140826,0.06,0,78,90,69,7.8,240,250,-9999
EL PASO INTERNATIONAL AIRPORT TX US,20140827,0.02,0,77,88,69,4.9,10,10,-9999
EL PASO INTERNATIONAL AIRPORT TX US,20140828,0,0,79,94,69,3.6,320,310,-9999
EL PASO INTERNATIONAL AIRPORT TX US,20140829,0,0,82,94,70,6,350,360,-9999
EL PASO INTERNATIONAL AIRPORT TX US,20140830,0,0,84,97,72,5.4,190,10,-9999
EL PASO INTERNATIONAL AIRPORT TX US,20140831,0,0,85,100,70,6.9,250,250,-9999
EL PASO INTERNATIONAL AIRPORT TX US,20140901,0,0,87,99,72,7.6,250,250,-9999
EL PASO INTERNATIONAL AIRPORT TX US,20140902,0,0,87,100,69,4.7,190,160,-9999
EL PASO INTERNATIONAL AIRPORT TX US,20140903,0,0,85,99,70,6.5,130,130,-9999
EL PASO INTERNATIONAL AIRPORT TX US,20140904,0.11,0,84,93,67,12.1,350,350,-9999
EL PASO INTERNATIONAL AIRPORT TX US,20140905,0.35,0,74,83,65,10.3,350,350,-9999
EL PASO INTERNATIONAL AIRPORT TX US,20140906,0,0,76,83,69,10.7,80,60,-9999
EL PASO INTERNATIONAL AIRPORT TX US,20140907,0.01,0,71,74,66,6.7,100,110,-9999
EL PASO INTERNATIONAL AIRPORT TX US,20140908,0,0,74,90,68,6,240,200,-9999
EL PASO INTERNATIONAL AIRPORT TX US,20140909,0,0,80,91,72,11.4,260,260,-9999
EL PASO INTERNATIONAL AIRPORT TX US,20140910,0,0,83,91,75,8.3,290,270,-9999
EL PASO INTERNATIONAL AIRPORT TX US,20140911,0,0,78,83,68,6.9,110,120,-9999
EL PASO INTERNATIONAL AIRPORT TX US,20140912,0.22,0,71,76,58,8.3,70,80,-9999
EL PASO INTERNATIONAL AIRPORT TX US,20140913,0,0,62,74,56,8.7,50,50,-9999
EL PASO INTERNATIONAL AIRPORT TX US,20140914,0,0,68,79,62,8.3,110,100,-9999
EL PASO INTERNATIONAL AIRPORT TX US,20140915,0.05,0,72,79,65,6.3,140,150,-9999
EL PASO INTERNATIONAL AIRPORT TX US,20140916,0.61,0,72,80,65,9.8,360,350,-9999
EL PASO INTERNATIONAL AIRPORT TX US,20140917,1.86,0,73,84,65,9.8,270,270,-9999
EL PASO INTERNATIONAL AIRPORT TX US,20140918,0.5,0,69,71,65,9.6,10,10,-9999
EL PASO INTERNATIONAL AIRPORT TX US,20140919,0,0,71,83,66,4.3,290,290,-9999
EL PASO INTERNATIONAL AIRPORT TX US,20140920,0,0,76,88,67,4.7,70,80,-9999
EL PASO INTERNATIONAL AIRPORT TX US,20140921,0,0,78,88,70,6.5,70,70,-9999
EL PASO INTERNATIONAL AIRPORT TX US,20140922,0.52,0,72,75,65,6.9,340,340,-9999
EL PASO INTERNATIONAL AIRPORT TX US,20140923,0,0,72,83,66,3.1,170,170,-9999
EL PASO INTERNATIONAL AIRPORT TX US,20140924,0,0,74,87,65,5.1,50,40,-9999
EL PASO INTERNATIONAL AIRPORT TX US,20140925,0,0,73,84,64,6.7,120,120,-9999
EL PASO INTERNATIONAL AIRPORT TX US,20140926,0,0,71,81,64,6.7,110,120,-9999
EL PASO INTERNATIONAL AIRPORT TX US,20140927,0,0,69,80,60,5.4,140,150,-9999
EL PASO INTERNATIONAL AIRPORT TX US,20140928,0,0,73,86,64,3.8,110,110,-9999
EL PASO INTERNATIONAL AIRPORT TX US,20140929,0,0,76,90,66,7.6,200,200,-9999
EL PASO INTERNATIONAL AIRPORT TX US,20140930,0,0,78,86,65,9.2,260,270,-9999
EL PASO INTERNATIONAL AIRPORT TX US,20141001,0,0,75,85,63,8.3,250,250,-9999
EL PASO INTERNATIONAL AIRPORT TX US,20141002,0,0,75,83,59,7.8,360,20,-9999
EL PASO INTERNATIONAL AIRPORT TX US,20141003,0,0,69,84,53,5.6,360,350,-9999
EL PASO INTERNATIONAL AIRPORT TX US,20141004,0,0,70,87,52,4.9,280,280,-9999
EL PASO INTERNATIONAL AIRPORT TX US,20141005,0,0,76,87,58,6.7,290,290,-9999
EL PASO INTERNATIONAL AIRPORT TX US,20141006,0,0,72,85,54,4.3,260,280,-9999
EL PASO INTERNATIONAL AIRPORT TX US,20141007,0,0,72,87,55,4.5,190,250,-9999
EL PASO INTERNATIONAL AIRPORT TX US,20141008,0,0,74,88,59,3.8,290,290,-9999
EL PASO INTERNATIONAL AIRPORT TX US,20141009,0,0,76,86,62,10.5,260,260,-9999
EL PASO INTERNATIONAL AIRPORT TX US,20141010,0,0,72,80,59,8.1,360,10,-9999
EL PASO INTERNATIONAL AIRPORT TX US,20141011,0,0,66,77,56,4.3,160,160,-9999
EL PASO INTERNATIONAL AIRPORT TX US,20141012,0,0,69,84,55,16.8,300,290,-9999
EL PASO INTERNATIONAL AIRPORT TX US,20141013,0,0,67,74,49,4.5,350,350,-9999
EL PASO INTERNATIONAL AIRPORT TX US,20141014,0,0,62,79,46,4,10,10,-9999
EL PASO INTERNATIONAL AIRPORT TX US,20141015,0,0,65,83,50,5.1,360,10,-9999
EL PASO INTERNATIONAL AIRPORT TX US,20141016,0,0,69,88,52,3.8,300,300,-9999
EL PASO INTERNATIONAL AIRPORT TX US,20141017,0,0,72,87,57,6.5,240,250,-9999
EL PASO INTERNATIONAL AIRPORT TX US,20141018,0.1,0,72,79,61,8.5,100,110,-9999
EL PASO INTERNATIONAL AIRPORT TX US,20141019,0.88,0,68,80,58,12.1,240,240,-9999
EL PASO INTERNATIONAL AIRPORT TX US,20141020,0,0,64,73,57,8.5,30,20,-9999
EL PASO INTERNATIONAL AIRPORT TX US,20141021,0,0,64,73,57,5.1,90,100,-9999
EL PASO INTERNATIONAL AIRPORT TX US,20141022,0,0,65,77,60,2.9,10,20,-9999
EL PASO INTERNATIONAL AIRPORT TX US,20141023,0,0,67,80,55,1.8,320,210,-9999
EL PASO INTERNATIONAL AIRPORT TX US,20141024,0,0,69,84,54,2,10,250,-9999
EL PASO INTERNATIONAL AIRPORT TX US,20141025,0,0,69,85,55,2.7,280,280,-9999
EL PASO INTERNATIONAL AIRPORT TX US,20141026,0,0,71,86,55,5.4,280,250,-9999
EL PASO INTERNATIONAL AIRPORT TX US,20141027,0,0,73,81,62,8.5,260,250,-9999
EL PASO INTERNATIONAL AIRPORT TX US,20141028,0,0,67,78,54,3.8,120,110,-9999
EL PASO INTERNATIONAL AIRPORT TX US,20141029,0,0,64,80,52,4.7,340,350,-9999
EL PASO INTERNATIONAL AIRPORT TX US,20141030,0,0,66,82,51,7.2,10,10,-9999
EL PASO INTERNATIONAL AIRPORT TX US,20141031,0,0,67,75,56,10.5,120,120,-9999
EL PASO INTERNATIONAL AIRPORT TX US,20141101,0,0,66,77,57,8.7,140,150,-9999
EL PASO INTERNATIONAL AIRPORT TX US,20141102,0,0,70,81,57,11,260,240,-9999
EL PASO INTERNATIONAL AIRPORT TX US,20141103,0.06,0,64,68,56,5.6,340,340,-9999
EL PASO INTERNATIONAL AIRPORT TX US,20141104,0,0,56,61,51,11.6,10,360,-9999
EL PASO INTERNATIONAL AIRPORT TX US,20141105,0,0,53,61,50,6.7,150,160,-9999
EL PASO INTERNATIONAL AIRPORT TX US,20141106,0.02,0,54,58,50,5.8,20,80,-9999
EL PASO INTERNATIONAL AIRPORT TX US,20141107,0,0,54,67,43,6.3,240,250,-9999
EL PASO INTERNATIONAL AIRPORT TX US,20141108,0,0,58,68,45,8.5,50,40,-9999
EL PASO INTERNATIONAL AIRPORT TX US,20141109,0,0,56,69,44,4.7,150,210,-9999
EL PASO INTERNATIONAL AIRPORT TX US,20141110,0,0,62,78,52,15.2,260,280,-9999
EL PASO INTERNATIONAL AIRPORT TX US,20141111,0,0,68,74,53,8.5,290,260,-9999
EL PASO INTERNATIONAL AIRPORT TX US,20141112,0,0,52,54,34,9.6,100,120,-9999
EL PASO INTERNATIONAL AIRPORT TX US,20141113,0,0,37,48,29,7.8,80,110,-9999
EL PASO INTERNATIONAL AIRPORT TX US,20141114,0,0,44,65,32,5.4,190,180,-9999
EL PASO INTERNATIONAL AIRPORT TX US,20141115,0,0,58,70,49,10.7,250,240,-9999
EL PASO INTERNATIONAL AIRPORT TX US,20141116,0.01,0,58,64,31,12.8,350,240,-9999
EL PASO INTERNATIONAL AIRPORT TX US,20141117,0,0,38,49,26,4.9,130,120,-9999
EL PASO INTERNATIONAL AIRPORT TX US,20141118,0,0,41,58,28,4.9,20,10,-9999
EL PASO INTERNATIONAL AIRPORT TX US,20141119,0,0,43,63,25,2.9,200,210,-9999
EL PASO INTERNATIONAL AIRPORT TX US,20141120,0,0,49,69,33,5.6,260,230,-9999
EL PASO INTERNATIONAL AIRPORT TX US,20141121,0,0,54,69,40,3.6,330,340,-9999
EL PASO INTERNATIONAL AIRPORT TX US,20141122,0.02,0,60,67,51,12.3,270,270,-9999
EL PASO INTERNATIONAL AIRPORT TX US,20141123,0,0,58,64,47,21.9,270,280,-9999
EL PASO INTERNATIONAL AIRPORT TX US,20141124,0,0,49,57,34,8.7,270,260,-9999
EL PASO INTERNATIONAL AIRPORT TX US,20141125,0,0,44,55,34,7.4,360,230,-9999
EL PASO INTERNATIONAL AIRPORT TX US,20141126,0,0,46,67,30,3.6,10,80,-9999
EL PASO INTERNATIONAL AIRPORT TX US,20141127,0,0,50,68,32,2,70,120,-9999
EL PASO INTERNATIONAL AIRPORT TX US,20141128,0,0,51,69,32,3.6,360,10,-9999
EL PASO INTERNATIONAL AIRPORT TX US,20141129,0,0,52,73,33,6.5,250,250,-9999
EL PASO INTERNATIONAL AIRPORT TX US,20141130,0,0,61,71,41,8.7,250,240,-9999
EL PASO INTERNATIONAL AIRPORT TX US,20141201,0,0,52,63,33,4.7,100,80,-9999
EL PASO INTERNATIONAL AIRPORT TX US,20141202,0,0,47,61,35,3.8,50,30,-9999
EL PASO INTERNATIONAL AIRPORT TX US,20141203,0,0,57,71,49,4.9,210,210,-9999
EL PASO INTERNATIONAL AIRPORT TX US,20141204,0,0,57,65,48,6,250,260,-9999
EL PASO INTERNATIONAL AIRPORT TX US,20141205,0,0,59,66,45,6.9,280,280,-9999
EL PASO INTERNATIONAL AIRPORT TX US,20141206,0,0,56,68,48,9.2,90,120,-9999
EL PASO INTERNATIONAL AIRPORT TX US,20141207,0,0,58,68,47,6.9,20,10,-9999
EL PASO INTERNATIONAL AIRPORT TX US,20141208,0,0,55,69,42,6.9,360,360,-9999
EL PASO INTERNATIONAL AIRPORT TX US,20141209,0,0,55,68,48,7.4,110,120,-9999
EL PASO INTERNATIONAL AIRPORT TX US,20141210,0,0,56,68,43,3.1,10,360,-9999
EL PASO INTERNATIONAL AIRPORT TX US,20141211,0,0,56,71,43,2.7,30,30,-9999
EL PASO INTERNATIONAL AIRPORT TX US,20141212,0,0,56,72,41,3.6,260,260,-9999
EL PASO INTERNATIONAL AIRPORT TX US,20141213,0,0,57,72,45,11.4,280,280,-9999
EL PASO INTERNATIONAL AIRPORT TX US,20141214,0,0,53,59,41,11.2,290,300,-9999
EL PASO INTERNATIONAL AIRPORT TX US,20141215,0,0,48,58,33,2.7,280,290,-9999
EL PASO INTERNATIONAL AIRPORT TX US,20141216,0,0,48,61,34,7.6,140,120,-9999
EL PASO INTERNATIONAL AIRPORT TX US,20141217,0,0,50,62,35,11.4,260,250,-9999
EL PASO INTERNATIONAL AIRPORT TX US,20141218,0.01,0,47,55,35,6.9,260,260,-9999
EL PASO INTERNATIONAL AIRPORT TX US,20141219,0,0,46,55,33,4.7,350,270,-9999
EL PASO INTERNATIONAL AIRPORT TX US,20141220,0,0,42,57,26,4.7,230,230,-9999
EL PASO INTERNATIONAL AIRPORT TX US,20141221,0,0,48,63,34,11.2,270,260,-9999
EL PASO INTERNATIONAL AIRPORT TX US,20141222,0,0,58,67,48,14.1,280,260,-9999
EL PASO INTERNATIONAL AIRPORT TX US,20141223,0,0,51,55,30,12.8,10,10,-9999
EL PASO INTERNATIONAL AIRPORT TX US,20141224,0,0,37,51,23,6.5,240,220,-9999
EL PASO INTERNATIONAL AIRPORT TX US,20141225,0,0,44,68,34,10.5,250,260,-9999
EL PASO INTERNATIONAL AIRPORT TX US,20141226,0.11,0,47,52,36,9.6,250,240,-9999
EL PASO INTERNATIONAL AIRPORT TX US,20141227,0,0,38,46,32,4.9,340,340,-9999
EL PASO INTERNATIONAL AIRPORT TX US,20141228,0,0,36,49,24,6.7,200,250,-9999
EL PASO INTERNATIONAL AIRPORT TX US,20141229,0,0,43,58,33,11.6,240,-9999,-9999
EL PASO INTERNATIONAL AIRPORT TX US,20141230,0,0,42,45,28,10.1,110,110,-9999
EL PASO INTERNATIONAL AIRPORT TX US,20141231,0,0,28,30,24,12.3,50,70,-9999
EL PASO INTERNATIONAL AIRPORT TX US,20150101,0,0,32,46,29,6.9,340,30,-9999
EL PASO INTERNATIONAL AIRPORT TX US,20150102,0.01,0,37,45,29,7.6,160,160,-9999
EL PASO INTERNATIONAL AIRPORT TX US,20150103,0,0,37,49,32,13.4,260,260,-9999
EL PASO INTERNATIONAL AIRPORT TX US,20150104,0,0,38,55,23,2.5,110,110,-9999
EL PASO INTERNATIONAL AIRPORT TX US,20150105,0,0,40,60,22,5.8,10,360,-9999
EL PASO INTERNATIONAL AIRPORT TX US,20150106,0,0,43,63,24,3.4,30,190,-9999
EL PASO INTERNATIONAL AIRPORT TX US,20150107,0,0,45,59,30,12.8,90,80,-9999
EL PASO INTERNATIONAL AIRPORT TX US,20150108,0,0,33,43,30,2.5,110,100,-9999
EL PASO INTERNATIONAL AIRPORT TX US,20150109,0,0,38,44,31,9.4,70,120,-9999
EL PASO INTERNATIONAL AIRPORT TX US,20150110,0,0,38,50,35,5.6,170,200,-9999
EL PASO INTERNATIONAL AIRPORT TX US,20150111,0,0,43,61,32,6,160,250,-9999
EL PASO INTERNATIONAL AIRPORT TX US,20150112,0,0,48,61,35,8.1,70,70,-9999
EL PASO INTERNATIONAL AIRPORT TX US,20150113,0,0,39,42,32,6.7,100,80,-9999
EL PASO INTERNATIONAL AIRPORT TX US,20150114,0,0,40,44,35,7.6,60,60,-9999
EL PASO INTERNATIONAL AIRPORT TX US,20150115,0,0,38,55,26,3.8,20,360,-9999
EL PASO INTERNATIONAL AIRPORT TX US,20150116,0,0,43,58,29,5.6,260,220,-9999
EL PASO INTERNATIONAL AIRPORT TX US,20150117,0,0,43,64,26,3.8,120,70,-9999
EL PASO INTERNATIONAL AIRPORT TX US,20150118,0,0,49,66,31,3.8,240,210,-9999
EL PASO INTERNATIONAL AIRPORT TX US,20150119,0,0,50,70,34,4,240,240,-9999
EL PASO INTERNATIONAL AIRPORT TX US,20150120,0,0,54,69,36,3.8,190,200,-9999
EL PASO INTERNATIONAL AIRPORT TX US,20150121,0.01,0,52,60,38,5.8,40,40,-9999
EL PASO INTERNATIONAL AIRPORT TX US,20150122,0.24,0,39,41,31,12.8,20,20,-9999
EL PASO INTERNATIONAL AIRPORT TX US,20150123,0,0,33,46,22,3.6,30,30,-9999
EL PASO INTERNATIONAL AIRPORT TX US,20150124,0,0,37,54,27,6.5,20,10,-9999
EL PASO INTERNATIONAL AIRPORT TX US,20150125,0,0,44,63,30,5.8,190,180,-9999
EL PASO INTERNATIONAL AIRPORT TX US,20150126,0,0,48,61,37,7.4,20,10,-9999
EL PASO INTERNATIONAL AIRPORT TX US,20150127,0,0,53,69,46,3.6,10,10,-9999
EL PASO INTERNATIONAL AIRPORT TX US,20150128,0,0,56,73,42,2.9,300,240,-9999
EL PASO INTERNATIONAL AIRPORT TX US,20150129,0,0,55,62,43,12.3,70,70,-9999
EL PASO INTERNATIONAL AIRPORT TX US,20150130,0.44,0,47,48,41,8.3,90,80,-9999
EL PASO INTERNATIONAL AIRPORT TX US,20150131,0.15,0,47,58,43,6.3,240,250,-9999
EL PASO INTERNATIONAL AIRPORT TX US,20150201,0,0,51,61,41,5.4,10,350,-9999
EL PASO INTERNATIONAL AIRPORT TX US,20150202,0,0,49,62,37,2.9,210,210,-9999
EL PASO INTERNATIONAL AIRPORT TX US,20150203,0,0,51,67,37,4.3,270,280,-9999
EL PASO INTERNATIONAL AIRPORT TX US,20150204,0,0,56,72,39,4.9,300,280,-9999
EL PASO INTERNATIONAL AIRPORT TX US,20150205,0,0,52,66,36,3.8,160,150,-9999
EL PASO INTERNATIONAL AIRPORT TX US,20150206,0,0,53,74,37,4.7,220,220,-9999
EL PASO INTERNATIONAL AIRPORT TX US,20150207,0,0,60,78,44,7.6,280,270,-9999
EL PASO INTERNATIONAL AIRPORT TX US,20150208,0,0,64,79,45,4.5,250,260,-9999
EL PASO INTERNATIONAL AIRPORT TX US,20150209,0,0,61,77,44,3.8,170,350,-9999
EL PASO INTERNATIONAL AIRPORT TX US,20150210,0,0,60,78,43,5.6,250,260,-9999
EL PASO INTERNATIONAL AIRPORT TX US,20150211,0,0,60,66,43,13.4,70,70,-9999
EL PASO INTERNATIONAL AIRPORT TX US,20150212,0,0,47,56,42,7.8,160,170,-9999
EL PASO INTERNATIONAL AIRPORT TX US,20150213,0,0,48,65,35,3.6,20,30,-9999
EL PASO INTERNATIONAL AIRPORT TX US,20150214,0,0,54,69,39,4.9,360,190,-9999
EL PASO INTERNATIONAL AIRPORT TX US,20150215,0,0,60,76,46,11.6,260,250,-9999
EL PASO INTERNATIONAL AIRPORT TX US,20150216,0,0,60,69,46,10.5,250,290,-9999
EL PASO INTERNATIONAL AIRPORT TX US,20150217,0,0,51,60,36,5.8,20,30,-9999
EL PASO INTERNATIONAL AIRPORT TX US,20150218,0,0,50,71,32,2.7,260,280,-9999
EL PASO INTERNATIONAL AIRPORT TX US,20150219,0,0,56,77,38,5.8,250,250,-9999
EL PASO INTERNATIONAL AIRPORT TX US,20150220,0,0,67,72,54,13.4,250,240,-9999
EL PASO INTERNATIONAL AIRPORT TX US,20150221,0,0,66,75,57,11.2,250,250,-9999
EL PASO INTERNATIONAL AIRPORT TX US,20150222,0,0,63,65,37,13.9,260,250,-9999
EL PASO INTERNATIONAL AIRPORT TX US,20150223,0.01,0,37,44,30,10.3,70,60,-9999
EL PASO INTERNATIONAL AIRPORT TX US,20150224,0.02,0,39,65,29,10.7,280,290,1
EL PASO INTERNATIONAL AIRPORT TX US,20150225,0,0,48,63,37,9.2,280,280,-9999
EL PASO INTERNATIONAL AIRPORT TX US,20150226,0,0,51,56,33,11.9,80,70,-9999
EL PASO INTERNATIONAL AIRPORT TX US,20150227,0,0,36,46,29,9.4,110,90,-9999
EL PASO INTERNATIONAL AIRPORT TX US,20150228,0,0,38,69,26,5.8,260,270,-9999
EL PASO INTERNATIONAL AIRPORT TX US,20150301,0,0,59,76,42,6.7,200,200,-9999
EL PASO INTERNATIONAL AIRPORT TX US,20150302,0.08,0,58,61,50,6.7,110,120,-9999
EL PASO INTERNATIONAL AIRPORT TX US,20150303,0.04,0,56,61,52,7.6,190,190,-9999
EL PASO INTERNATIONAL AIRPORT TX US,20150304,0,0,55,62,37,12.1,240,250,-9999
EL PASO INTERNATIONAL AIRPORT TX US,20150305,0,0,41,50,30,6.7,70,80,-9999
EL PASO INTERNATIONAL AIRPORT TX US,20150306,0,0,44,65,27,4.5,80,80,-9999
EL PASO INTERNATIONAL AIRPORT TX US,20150307,0,0,53,66,43,6.9,340,340,-9999
EL PASO INTERNATIONAL AIRPORT TX US,20150308,0,0,59,71,50,5.8,300,300,-9999
EL PASO INTERNATIONAL AIRPORT TX US,20150309,0.01,0,58,72,43,6.5,20,270,-9999
EL PASO INTERNATIONAL AIRPORT TX US,20150310,0,0,54,72,40,4.3,260,250,-9999
EL PASO INTERNATIONAL AIRPORT TX US,20150311,0,0,58,73,42,6.9,100,70,-9999
EL PASO INTERNATIONAL AIRPORT TX US,20150312,0,0,60,69,49,2.5,240,270,-9999
EL PASO INTERNATIONAL AIRPORT TX US,20150313,0,0,61,71,49,9.8,80,80,-9999
EL PASO INTERNATIONAL AIRPORT TX US,20150314,0,0,60,70,49,13.6,70,70,-9999
EL PASO INTERNATIONAL AIRPORT TX US,20150315,0,0,57,70,45,10.1,90,60,-9999
EL PASO INTERNATIONAL AIRPORT TX US,20150316,0,0,59,72,47,5.8,200,200,-9999
EL PASO INTERNATIONAL AIRPORT TX US,20150317,0.38,0,61,62,50,6.5,50,50,-9999
EL PASO INTERNATIONAL AIRPORT TX US,20150318,0.04,0,52,67,48,5.8,250,260,-9999
EL PASO INTERNATIONAL AIRPORT TX US,20150319,0,0,61,71,54,9.6,230,240,-9999
EL PASO INTERNATIONAL AIRPORT TX US,20150320,0,0,60,71,49,6.5,120,120,-9999
EL PASO INTERNATIONAL AIRPORT TX US,20150321,0.06,0,57,63,53,6.7,180,150,-9999
EL PASO INTERNATIONAL AIRPORT TX US,20150322,0,0,59,80,46,6,260,260,-9999
EL PASO INTERNATIONAL AIRPORT TX US,20150323,0,0,69,82,53,10.1,270,270,-9999
EL PASO INTERNATIONAL AIRPORT TX US,20150324,0,0,71,82,53,8.3,250,240,-9999
EL PASO INTERNATIONAL AIRPORT TX US,20150325,0,0,69,76,56,13.6,20,20,-9999
EL PASO INTERNATIONAL AIRPORT TX US,20150326,0,0,60,69,46,5.8,40,90,-9999
EL PASO INTERNATIONAL AIRPORT TX US,20150327,0,0,61,80,45,5.8,260,270,-9999
EL PASO INTERNATIONAL AIRPORT TX US,20150328,0,0,69,88,52,7.6,260,270,-9999
EL PASO INTERNATIONAL AIRPORT TX US,20150329,0,0,75,88,51,6.9,290,290,-9999
EL PASO INTERNATIONAL AIRPORT TX US,20150330,0,0,74,84,61,6.7,180,200,-9999
EL PASO INTERNATIONAL AIRPORT TX US,20150331,0,0,74,84,62,13,190,200,-9999
EL PASO INTERNATIONAL AIRPORT TX US,20150401,0,0,69,84,58,15,250,260,-9999
EL PASO INTERNATIONAL AIRPORT TX US,20150402,0,0,75,85,63,17.7,240,250,-9999
EL PASO INTERNATIONAL AIRPORT TX US,20150403,0,0,74,80,59,8.3,100,110,-9999
EL PASO INTERNATIONAL AIRPORT TX US,20150404,0,0,61,72,50,9.8,90,130,-9999
EL PASO INTERNATIONAL AIRPORT TX US,20150405,0,0,66,85,55,10.5,240,220,-9999
EL PASO INTERNATIONAL AIRPORT TX US,20150406,0,0,75,86,60,15.7,250,260,-9999
EL PASO INTERNATIONAL AIRPORT TX US,20150407,0,0,74,87,54,13.4,250,250,-9999
EL PASO INTERNATIONAL AIRPORT TX US,20150408,0,0,76,86,66,14.8,240,240,1
EL PASO INTERNATIONAL AIRPORT TX US,20150409,0,0,70,79,57,6,40,30,-9999
EL PASO INTERNATIONAL AIRPORT TX US,20150410,0,0,67,87,46,8.9,190,190,-9999
EL PASO INTERNATIONAL AIRPORT TX US,20150411,0,0,75,86,62,12.5,250,220,-9999
EL PASO INTERNATIONAL AIRPORT TX US,20150412,0.11,0,66,69,55,11.9,240,240,-9999
EL PASO INTERNATIONAL AIRPORT TX US,20150413,0.13,0,58,63,52,11.4,10,20,-9999
EL PASO INTERNATIONAL AIRPORT TX US,20150414,0,0,57,71,46,4.3,200,210,-9999
EL PASO INTERNATIONAL AIRPORT TX US,20150415,0,0,65,82,51,13.9,240,250,-9999
EL PASO INTERNATIONAL AIRPORT TX US,20150416,0,0,70,77,57,17.4,250,240,-9999
EL PASO INTERNATIONAL AIRPORT TX US,20150417,0,0,61,71,43,11.2,260,280,-9999
EL PASO INTERNATIONAL AIRPORT TX US,20150418,0,0,63,76,47,12.8,260,270,-9999
EL PASO INTERNATIONAL AIRPORT TX US,20150419,0,0,69,81,53,8.5,290,280,-9999
EL PASO INTERNATIONAL AIRPORT TX US,20150420,0,0,67,81,51,4.9,210,260,-9999
EL PASO INTERNATIONAL AIRPORT TX US,20150421,0,0,72,84,56,9.4,200,230,-9999
EL PASO INTERNATIONAL AIRPORT TX US,20150422,0,0,73,82,62,11.2,240,230,-9999
EL PASO INTERNATIONAL AIRPORT TX US,20150423,0,0,72,79,63,12.3,200,170,-9999
EL PASO INTERNATIONAL AIRPORT TX US,20150424,0,0,67,74,57,15.2,250,250,-9999
EL PASO INTERNATIONAL AIRPORT TX US,20150425,0,0,67,80,54,14.3,260,240,-9999
EL PASO INTERNATIONAL AIRPORT TX US,20150426,0,0,65,68,52,20.4,270,280,-9999
EL PASO INTERNATIONAL AIRPORT TX US,20150427,0,0,60,72,48,11.6,360,10,-9999
EL PASO INTERNATIONAL AIRPORT TX US,20150428,0,0,57,71,43,5.8,360,30,-9999
EL PASO INTERNATIONAL AIRPORT TX US,20150429,0,0,61,76,45,4,260,260,-9999
EL PASO INTERNATIONAL AIRPORT TX US,20150430,0,0,66,85,46,5.6,200,-9999,-9999
EL PASO INTERNATIONAL AIRPORT TX US,20150501,0,0,74,91,57,5.6,100,250,-9999
EL PASO INTERNATIONAL AIRPORT TX US,20150502,0,0,77,93,56,9.4,230,230,-9999
EL PASO INTERNATIONAL AIRPORT TX US,20150503,0,0,79,89,64,7.6,310,260,-9999
EL PASO INTERNATIONAL AIRPORT TX US,20150504,0.16,0,75,86,63,8.3,340,350,-9999
EL PASO INTERNATIONAL AIRPORT TX US,20150505,0,0,69,80,57,13.2,270,260,-9999
EL PASO INTERNATIONAL AIRPORT TX US,20150506,0,0,72,84,58,8.9,260,260,-9999
EL PASO INTERNATIONAL AIRPORT TX US,20150507,0,0,75,85,62,10.3,270,200,-9999
EL PASO INTERNATIONAL AIRPORT TX US,20150508,0,0,76,87,60,13.9,270,270,-9999
EL PASO INTERNATIONAL AIRPORT TX US,20150509,0,0,71,77,62,14.8,260,260,-9999
EL PASO INTERNATIONAL AIRPORT TX US,20150510,0,0,67,78,54,9.8,240,260,-9999
EL PASO INTERNATIONAL AIRPORT TX US,20150511,0,0,69,84,51,11,100,100,-9999
EL PASO INTERNATIONAL AIRPORT TX US,20150512,0.54,0,68,77,58,9.8,250,240,-9999
EL PASO INTERNATIONAL AIRPORT TX US,20150513,0.02,0,63,77,55,6.5,260,260,-9999
EL PASO INTERNATIONAL AIRPORT TX US,20150514,0,0,71,85,61,8.7,240,230,1
EL PASO INTERNATIONAL AIRPORT TX US,20150515,0.04,0,70,83,60,14.3,240,250,-9999
EL PASO INTERNATIONAL AIRPORT TX US,20150516,0,0,71,78,57,19.5,260,250,-9999
EL PASO INTERNATIONAL AIRPORT TX US,20150517,0,0,68,81,56,6,260,260,-9999
EL PASO INTERNATIONAL AIRPORT TX US,20150518,0,0,74,92,56,9.4,100,130,-9999
EL PASO INTERNATIONAL AIRPORT TX US,20150519,0,0,80,87,65,13.9,240,250,-9999
EL PASO INTERNATIONAL AIRPORT TX US,20150520,0,0,74,88,55,5.6,100,100,-9999
EL PASO INTERNATIONAL AIRPORT TX US,20150521,0.05,0,71,79,56,11,90,90,-9999
EL PASO INTERNATIONAL AIRPORT TX US,20150522,0,0,67,91,56,10.7,250,250,-9999
EL PASO INTERNATIONAL AIRPORT TX US,20150523,0,0,77,83,65,13.6,250,250,-9999
EL PASO INTERNATIONAL AIRPORT TX US,20150524,0,0,73,82,62,13.6,280,250,-9999
EL PASO INTERNATIONAL AIRPORT TX US,20150525,0,0,73,84,61,11.2,250,280,-9999
EL PASO INTERNATIONAL AIRPORT TX US,20150526,0,0,75,88,57,5.1,250,180,-9999
EL PASO INTERNATIONAL AIRPORT TX US,20150527,0,0,77,92,57,4.5,100,110,-9999
EL PASO INTERNATIONAL AIRPORT TX US,20150528,0,0,82,94,68,9.4,240,250,-9999
EL PASO INTERNATIONAL AIRPORT TX US,20150529,0,0,83,96,63,6,240,310,-9999
EL PASO INTERNATIONAL AIRPORT TX US,20150530,0,0,80,90,68,11.9,120,120,-9999
EL PASO INTERNATIONAL AIRPORT TX US,20150531,0,0,78,93,65,6,320,310,-9999
EL PASO INTERNATIONAL AIRPORT TX US,20150601,0,0,83,98,69,5.8,230,230,-9999
EL PASO INTERNATIONAL AIRPORT TX US,20150602,0,0,86,99,72,9.8,260,250,-9999
EL PASO INTERNATIONAL AIRPORT TX US,20150603,0,0,88,98,73,11.6,240,240,-9999
EL PASO INTERNATIONAL AIRPORT TX US,20150604,0,0,85,98,65,7.6,130,240,-9999
EL PASO INTERNATIONAL AIRPORT TX US,20150605,0,0,86,98,73,7.2,100,100,-9999
EL PASO INTERNATIONAL AIRPORT TX US,20150606,0.04,0,83,97,72,5.8,150,150,-9999
EL PASO INTERNATIONAL AIRPORT TX US,20150607,0,0,84,93,73,7.2,240,130,-9999
EL PASO INTERNATIONAL AIRPORT TX US,20150608,0,0,85,92,76,9.6,110,130,-9999
EL PASO INTERNATIONAL AIRPORT TX US,20150609,0.03,0,80,94,71,6.5,100,100,-9999
EL PASO INTERNATIONAL AIRPORT TX US,20150610,0,0,85,98,72,7.2,260,210,-9999
EL PASO INTERNATIONAL AIRPORT TX US,20150611,0,0,88,98,73,10.5,240,250,-9999
EL PASO INTERNATIONAL AIRPORT TX US,20150612,0,0,87,97,73,6.9,250,280,-9999
EL PASO INTERNATIONAL AIRPORT TX US,20150613,0,0,85,99,68,7.4,350,210,-9999
EL PASO INTERNATIONAL AIRPORT TX US,20150614,0,0,83,98,69,5.8,100,70,-9999
EL PASO INTERNATIONAL AIRPORT TX US,20150615,0,0,85,97,71,8.3,70,70,-9999
EL PASO INTERNATIONAL AIRPORT TX US,20150616,0,0,81,94,70,6.9,90,80,-9999
EL PASO INTERNATIONAL AIRPORT TX US,20150617,0,0,84,98,70,4.9,20,20,-9999
EL PASO INTERNATIONAL AIRPORT TX US,20150618,0,0,88,102,76,8.3,80,70,-9999
EL PASO INTERNATIONAL AIRPORT TX US,20150619,0,0,87,97,75,11,120,130,-9999
EL PASO INTERNATIONAL AIRPORT TX US,20150620,0,0,88,104,76,5.6,120,120,-9999
EL PASO INTERNATIONAL AIRPORT TX US,20150621,0,0,89,104,75,5.8,100,110,-9999
EL PASO INTERNATIONAL AIRPORT TX US,20150622,0,0,90,104,74,8.5,110,110,-9999
EL PASO INTERNATIONAL AIRPORT TX US,20150623,0,0,84,92,70,12.3,100,100,-9999
EL PASO INTERNATIONAL AIRPORT TX US,20150624,0,0,81,91,72,10.5,160,160,-9999
EL PASO INTERNATIONAL AIRPORT TX US,20150625,0,0,82,93,74,8.7,180,180,-9999
EL PASO INTERNATIONAL AIRPORT TX US,20150626,0,0,84,97,74,7.8,110,110,-9999
EL PASO INTERNATIONAL AIRPORT TX US,20150627,0.09,0,81,91,70,8.7,20,20,-9999
EL PASO INTERNATIONAL AIRPORT TX US,20150628,0,0,83,95,72,7.2,130,50,-9999
EL PASO INTERNATIONAL AIRPORT TX US,20150629,0.02,0,85,99,71,6.5,70,70,1
EL PASO INTERNATIONAL AIRPORT TX US,20150630,0,0,83,94,69,8.5,190,190,-9999
EL PASO INTERNATIONAL AIRPORT TX US,20150701,0,0,83,97,71,4.9,150,160,-9999
EL PASO INTERNATIONAL AIRPORT TX US,20150702,0,0,87,101,74,6.3,110,120,-9999
EL PASO INTERNATIONAL AIRPORT TX US,20150703,0,0,87,96,74,11.2,130,130,-9999
EL PASO INTERNATIONAL AIRPORT TX US,20150704,0.3,0,85,96,72,7.2,310,320,-9999
EL PASO INTERNATIONAL AIRPORT TX US,20150705,0,0,81,94,71,10.5,250,250,-9999
EL PASO INTERNATIONAL AIRPORT TX US,20150706,0,0,85,97,74,10.7,80,80,-9999
EL PASO INTERNATIONAL AIRPORT TX US,20150707,0.04,0,85,95,70,6.7,20,20,1
EL PASO INTERNATIONAL AIRPORT TX US,20150708,0,0,76,92,68,5.8,240,240,-9999
EL PASO INTERNATIONAL AIRPORT TX US,20150709,0.27,0,80,94,68,6.7,250,250,-9999
EL PASO INTERNATIONAL AIRPORT TX US,20150710,0.6,0,78,91,68,7.8,310,280,1
EL PASO INTERNATIONAL AIRPORT TX US,20150711,0.02,0,77,94,66,5.1,350,360,-9999
EL PASO INTERNATIONAL AIRPORT TX US,20150712,0,0,85,98,75,5.4,150,150,-9999
EL PASO INTERNATIONAL AIRPORT TX US,20150713,0.04,0,87,99,75,8.3,170,160,-9999
EL PASO INTERNATIONAL AIRPORT TX US,20150714,0,0,86,94,75,8.1,260,260,-9999
EL PASO INTERNATIONAL AIRPORT TX US,20150715,0,0,86,94,75,10.1,250,270,-9999
EL PASO INTERNATIONAL AIRPORT TX US,20150716,0,0,87,97,79,8.7,240,320,-9999
EL PASO INTERNATIONAL AIRPORT TX US,20150717,0,0,87,97,79,10.1,240,270,-9999
EL PASO INTERNATIONAL AIRPORT TX US,20150718,0,0,87,99,73,10.5,280,280,-9999
EL PASO INTERNATIONAL AIRPORT TX US,20150719,0,0,85,96,71,8.7,180,190,-9999
EL PASO INTERNATIONAL AIRPORT TX US,20150720,0.03,0,87,99,75,6.3,350,360,-9999
EL PASO INTERNATIONAL AIRPORT TX US,20150721,0.12,0,83,98,71,6.9,110,170,-9999
EL PASO INTERNATIONAL AIRPORT TX US,20150722,0.27,0,78,95,70,5.6,10,330,-9999
EL PASO INTERNATIONAL AIRPORT TX US,20150723,0,0,82,97,71,5.8,260,210,-9999
EL PASO INTERNATIONAL AIRPORT TX US,20150724,0,0,87,100,77,5.6,230,230,-9999
EL PASO INTERNATIONAL AIRPORT TX US,20150725,0,0,89,101,79,6.5,150,150,-9999
EL PASO INTERNATIONAL AIRPORT TX US,20150726,0,0,86,97,73,7.4,200,190,-9999
EL PASO INTERNATIONAL AIRPORT TX US,20150727,0,0,88,100,75,8.5,150,120,-9999
EL PASO INTERNATIONAL AIRPORT TX US,20150728,0.32,0,88,100,72,9.6,10,190,-9999
EL PASO INTERNATIONAL AIRPORT TX US,20150729,0.13,0,81,94,71,7.6,140,140,-9999
EL PASO INTERNATIONAL AIRPORT TX US,20150730,0.72,0,77,91,68,8.9,70,50,-9999
EL PASO INTERNATIONAL AIRPORT TX US,20150731,0.02,0,82,93,72,6.3,170,120,-9999
EL PASO INTERNATIONAL AIRPORT TX US,20150801,0,0,85,96,75,7.4,110,110,-9999
EL PASO INTERNATIONAL AIRPORT TX US,20150802,0.3,0,85,96,71,6.9,190,220,-9999
EL PASO INTERNATIONAL AIRPORT TX US,20150803,0,0,81,94,72,6,150,150,-9999
EL PASO INTERNATIONAL AIRPORT TX US,20150804,0,0,83,99,72,5.1,310,310,-9999
EL PASO INTERNATIONAL AIRPORT TX US,20150805,0,0,89,103,75,5.8,60,50,-9999
EL PASO INTERNATIONAL AIRPORT TX US,20150806,0,0,89,103,75,6,100,100,-9999
EL PASO INTERNATIONAL AIRPORT TX US,20150807,0,0,91,102,78,7.6,270,260,-9999
EL PASO INTERNATIONAL AIRPORT TX US,20150808,0.02,0,88,96,77,7.8,10,10,-9999
EL PASO INTERNATIONAL AIRPORT TX US,20150809,0.12,0,86,98,72,6.3,250,260,-9999
EL PASO INTERNATIONAL AIRPORT TX US,20150810,0.01,0,84,97,73,7.8,20,30,-9999
EL PASO INTERNATIONAL AIRPORT TX US,20150811,0.04,0,86,96,74,12.5,110,130,-9999
EL PASO INTERNATIONAL AIRPORT TX US,20150812,0,0,87,98,74,6.7,130,130,-9999
EL PASO INTERNATIONAL AIRPORT TX US,20150813,0,0,88,99,77,3.8,140,140,-9999
EL PASO INTERNATIONAL AIRPORT TX US,20150814,0,0,89,102,75,5.1,130,140,-9999
EL PASO INTERNATIONAL AIRPORT TX US,20150815,0,0,89,102,78,8.1,10,70,-9999
EL PASO INTERNATIONAL AIRPORT TX US,20150816,0.02,0,85,97,73,8.3,10,20,-9999
EL PASO INTERNATIONAL AIRPORT TX US,20150817,0,0,83,97,73,7.6,260,140,-9999
EL PASO INTERNATIONAL AIRPORT TX US,20150818,0,0,91,102,79,9.2,270,270,-9999
EL PASO INTERNATIONAL AIRPORT TX US,20150819,0,0,91,99,77,12.5,100,110,-9999
EL PASO INTERNATIONAL AIRPORT TX US,20150820,0,0,83,100,69,7.8,230,220,-9999
EL PASO INTERNATIONAL AIRPORT TX US,20150821,0,0,87,100,74,11,190,200,-9999
EL PASO INTERNATIONAL AIRPORT TX US,20150822,0.01,0,85,97,72,10.3,250,250,-9999
EL PASO INTERNATIONAL AIRPORT TX US,20150823,0,0,82,94,73,9.6,100,100,-9999
EL PASO INTERNATIONAL AIRPORT TX US,20150824,0.45,0,79,92,68,8.1,80,60,-9999
EL PASO INTERNATIONAL AIRPORT TX US,20150825,0.03,0,83,95,71,6,140,140,-9999
EL PASO INTERNATIONAL AIRPORT TX US,20150826,0.39,0,84,97,74,5.4,130,130,-9999
EL PASO INTERNATIONAL AIRPORT TX US,20150827,0,0,84,95,74,4.9,230,230,-9999
EL PASO INTERNATIONAL AIRPORT TX US,20150828,0.12,0,85,98,72,5.8,360,120,-9999
EL PASO INTERNATIONAL AIRPORT TX US,20150829,0.04,0,80,93,71,8.1,100,110,-9999
EL PASO INTERNATIONAL AIRPORT TX US,20150830,0,0,81,93,68,5.8,110,110,-9999
EL PASO INTERNATIONAL AIRPORT TX US,20150831,0,0,82,97,69,4.9,270,270,-9999
EL PASO INTERNATIONAL AIRPORT TX US,20150901,0,0,86,99,68,4.5,180,250,-9999
EL PASO INTERNATIONAL AIRPORT TX US,20150902,0,0,86,99,72,6.9,250,280,-9999
EL PASO INTERNATIONAL AIRPORT TX US,20150903,0,0,85,92,77,7.4,270,290,-9999
EL PASO INTERNATIONAL AIRPORT TX US,20150904,0,0,82,91,72,5.4,300,290,-9999
EL PASO INTERNATIONAL AIRPORT TX US,20150905,0,0,83,95,75,6.5,310,310,-9999
EL PASO INTERNATIONAL AIRPORT TX US,20150906,0,0,87,100,75,7.2,330,30,-9999
EL PASO INTERNATIONAL AIRPORT TX US,20150907,0,0,85,96,73,5.8,360,360,-9999
EL PASO INTERNATIONAL AIRPORT TX US,20150908,0,0,85,98,74,10.3,190,200,-9999
EL PASO INTERNATIONAL AIRPORT TX US,20150909,0,0,82,91,73,6.7,70,70,-9999
EL PASO INTERNATIONAL AIRPORT TX US,20150910,0,0,79,89,72,4.9,240,240,-9999
EL PASO INTERNATIONAL AIRPORT TX US,20150911,0,0,80,92,70,5.6,70,70,-9999
EL PASO INTERNATIONAL AIRPORT TX US,20150912,0,0,78,92,68,4.9,180,170,-9999
EL PASO INTERNATIONAL AIRPORT TX US,20150913,0,0,82,96,71,7.8,160,170,-9999
EL PASO INTERNATIONAL AIRPORT TX US,20150914,0,0,81,95,68,7.4,160,170,-9999
EL PASO INTERNATIONAL AIRPORT TX US,20150915,0,0,83,94,73,8.5,240,240,-9999
EL PASO INTERNATIONAL AIRPORT TX US,20150916,0,0,85,96,71,8.1,280,280,-9999
EL PASO INTERNATIONAL AIRPORT TX US,20150917,0,0,84,95,72,9.6,250,250,-9999
EL PASO INTERNATIONAL AIRPORT TX US,20150918,0,0,83,96,69,7.2,250,250,-9999
EL PASO INTERNATIONAL AIRPORT TX US,20150919,0.25,0,78,85,67,5.4,110,100,-9999
EL PASO INTERNATIONAL AIRPORT TX US,20150920,0.03,0,69,80,64,4.5,160,140,-9999
EL PASO INTERNATIONAL AIRPORT TX US,20150921,0.03,0,72,77,66,3.4,150,120,-9999
EL PASO INTERNATIONAL AIRPORT TX US,20150922,0,0,75,84,67,5.8,260,240,-9999
EL PASO INTERNATIONAL AIRPORT TX US,20150923,0.02,0,78,90,70,3.4,100,100,-9999
EL PASO INTERNATIONAL AIRPORT TX US,20150924,0,0,78,90,67,7.6,100,100,-9999
EL PASO INTERNATIONAL AIRPORT TX US,20150925,0,0,75,84,68,9.2,120,130,-9999
EL PASO INTERNATIONAL AIRPORT TX US,20150926,0,0,75,87,62,3.8,210,210,-9999
EL PASO INTERNATIONAL AIRPORT TX US,20150927,0,0,77,93,61,6.3,230,250,-9999
EL PASO INTERNATIONAL AIRPORT TX US,20150928,0,0,81,97,62,4.9,350,10,-9999
EL PASO INTERNATIONAL AIRPORT TX US,20150929,0,0,80,94,65,6,110,120,-9999
EL PASO INTERNATIONAL AIRPORT TX US,20150930,0,0,80,91,66,5.4,150,140,-9999
EL PASO INTERNATIONAL AIRPORT TX US,20151001,0,0,80,93,67,3.8,110,170,-9999
EL PASO INTERNATIONAL AIRPORT TX US,20151002,0,0,81,96,66,7.4,180,200,-9999
EL PASO INTERNATIONAL AIRPORT TX US,20151003,0.59,0,79,88,65,9.2,280,280,-9999
EL PASO INTERNATIONAL AIRPORT TX US,20151004,0.07,0,65,67,61,6.9,100,110,-9999
EL PASO INTERNATIONAL AIRPORT TX US,20151005,0.37,0,63,74,60,5.8,230,230,-9999
EL PASO INTERNATIONAL AIRPORT TX US,20151006,0.62,0,67,78,59,4.7,100,130,-9999
EL PASO INTERNATIONAL AIRPORT TX US,20151007,0.01,0,67,75,60,7.6,10,20,-9999
EL PASO INTERNATIONAL AIRPORT TX US,20151008,0,0,64,72,57,5.8,40,90,-9999
EL PASO INTERNATIONAL AIRPORT TX US,20151009,0,0,67,75,59,8.1,110,110,-9999
EL PASO INTERNATIONAL AIRPORT TX US,20151010,0,0,68,82,60,3.6,10,360,-9999
EL PASO INTERNATIONAL AIRPORT TX US,20151011,0,0,72,88,58,6.9,280,280,-9999
EL PASO INTERNATIONAL AIRPORT TX US,20151012,0,0,77,87,65,5.4,80,80,-9999
EL PASO INTERNATIONAL AIRPORT TX US,20151013,0,0,75,89,61,2.2,230,230,-9999
EL PASO INTERNATIONAL AIRPORT TX US,20151014,0,0,74,92,60,3.6,150,160,-9999
EL PASO INTERNATIONAL AIRPORT TX US,20151015,0,0,76,90,62,3.1,110,140,-9999
EL PASO INTERNATIONAL AIRPORT TX US,20151016,0,0,72,76,62,12.3,80,80,-9999
EL PASO INTERNATIONAL AIRPORT TX US,20151017,0.02,0,66,77,58,8.1,210,210,-9999
EL PASO INTERNATIONAL AIRPORT TX US,20151018,0,0,68,80,61,6,120,160,-9999
EL PASO INTERNATIONAL AIRPORT TX US,20151019,0.01,0,73,86,62,6.5,210,210,-9999
EL PASO INTERNATIONAL AIRPORT TX US,20151020,0.04,0,73,84,62,7.2,180,190,-9999
EL PASO INTERNATIONAL AIRPORT TX US,20151021,0.3,0,66,78,54,12.1,280,290,-9999
EL PASO INTERNATIONAL AIRPORT TX US,20151022,0.09,0,59,72,53,6.3,20,20,-9999
EL PASO INTERNATIONAL AIRPORT TX US,20151023,0,0,62,76,51,6.3,350,350,-9999
EL PASO INTERNATIONAL AIRPORT TX US,20151024,0,0,63,72,54,10.3,360,10,-9999
EL PASO INTERNATIONAL AIRPORT TX US,20151025,0,0,60,74,50,4.7,100,110,-9999
EL PASO INTERNATIONAL AIRPORT TX US,20151026,0,0,63,76,50,2.7,160,140,-9999
EL PASO INTERNATIONAL AIRPORT TX US,20151027,0,0,66,81,53,11.4,280,290,-9999
EL PASO INTERNATIONAL AIRPORT TX US,20151028,0,0,68,77,52,4.9,310,300,-9999
EL PASO INTERNATIONAL AIRPORT TX US,20151029,0.94,0,59,60,53,4.9,310,310,-9999
EL PASO INTERNATIONAL AIRPORT TX US,20151030,0.18,0,55,61,49,5.8,290,280,-9999
EL PASO INTERNATIONAL AIRPORT TX US,20151031,0,0,54,68,44,2.2,330,300,-9999
EL PASO INTERNATIONAL AIRPORT TX US,20151101,0,0,58,74,45,4.9,270,290,-9999
EL PASO INTERNATIONAL AIRPORT TX US,20151102,0,0,61,77,47,4,180,190,-9999
EL PASO INTERNATIONAL AIRPORT TX US,20151103,0,0,63,78,52,4.7,220,230,-9999
EL PASO INTERNATIONAL AIRPORT TX US,20151104,0,0,65,77,53,15.7,240,200,-9999
EL PASO INTERNATIONAL AIRPORT TX US,20151105,0,0,61,64,45,11,310,300,-9999
EL PASO INTERNATIONAL AIRPORT TX US,20151106,0,0,53,70,41,6.3,340,360,-9999
EL PASO INTERNATIONAL AIRPORT TX US,20151107,0,0,56,66,46,13,110,60,-9999
EL PASO INTERNATIONAL AIRPORT TX US,20151108,0,0,55,66,46,4.7,80,60,-9999
EL PASO INTERNATIONAL AIRPORT TX US,20151109,0,0,57,75,44,4.7,260,240,-9999
EL PASO INTERNATIONAL AIRPORT TX US,20151110,0,0,61,76,46,12.3,250,250,-9999
EL PASO INTERNATIONAL AIRPORT TX US,20151111,0,0,59,64,39,11,300,290,-9999
EL PASO INTERNATIONAL AIRPORT TX US,20151112,0,0,50,65,38,7.6,350,350,-9999
EL PASO INTERNATIONAL AIRPORT TX US,20151113,0,0,53,68,43,8.7,10,350,-9999
EL PASO INTERNATIONAL AIRPORT TX US,20151114,0,0,58,73,48,5.8,160,160,-9999
EL PASO INTERNATIONAL AIRPORT TX US,20151115,0.05,0,62,67,56,12.3,190,200,-9999
EL PASO INTERNATIONAL AIRPORT TX US,20151116,0.01,0,60,74,42,18.8,300,270,1
EL PASO INTERNATIONAL AIRPORT TX US,20151117,0,0,46,57,39,20.8,260,290,-9999
EL PASO INTERNATIONAL AIRPORT TX US,20151118,0,0,51,65,36,7.8,240,240,-9999
EL PASO INTERNATIONAL AIRPORT TX US,20151119,0,0,52,65,41,5.1,350,350,-9999
EL PASO INTERNATIONAL AIRPORT TX US,20151120,0,0,52,70,39,6,350,350,-9999
EL PASO INTERNATIONAL AIRPORT TX US,20151121,0,0,51,54,39,10.1,80,80,-9999
EL PASO INTERNATIONAL AIRPORT TX US,20151122,0,0,44,60,31,3.8,10,10,-9999
EL PASO INTERNATIONAL AIRPORT TX US,20151123,0,0,47,62,37,5.4,360,20,-9999
EL PASO INTERNATIONAL AIRPORT TX US,20151124,0,0,49,70,34,6,250,240,-9999
EL PASO INTERNATIONAL AIRPORT TX US,20151125,0.11,0,56,77,42,7.4,270,260,-9999
EL PASO INTERNATIONAL AIRPORT TX US,20151126,0.11,0,61,65,53,5.6,260,250,-9999
EL PASO INTERNATIONAL AIRPORT TX US,20151127,0,0,55,59,39,6.5,110,110,-9999
EL PASO INTERNATIONAL AIRPORT TX US,20151128,0,0,41,47,38,4.5,100,100,-9999
EL PASO INTERNATIONAL AIRPORT TX US,20151129,0,0,49,63,43,4,310,170,-9999
EL PASO INTERNATIONAL AIRPORT TX US,20151130,0,0,54,60,39,6,280,300,-9999
EL PASO INTERNATIONAL AIRPORT TX US,20151201,0,0,46,59,33,4.3,330,340,-9999
EL PASO INTERNATIONAL AIRPORT TX US,20151202,0,0,45,59,30,4.9,10,10,-9999
EL PASO INTERNATIONAL AIRPORT TX US,20151203,0,0,43,61,27,4.3,60,80,-9999
EL PASO INTERNATIONAL AIRPORT TX US,20151204,0,0,46,63,33,5.4,10,10,-9999
EL PASO INTERNATIONAL AIRPORT TX US,20151205,0,0,49,67,34,5.4,230,220,-9999
EL PASO INTERNATIONAL AIRPORT TX US,20151206,0,0,51,64,37,5.6,350,350,-9999
EL PASO INTERNATIONAL AIRPORT TX US,20151207,0,0,48,63,36,6.7,350,350,-9999
EL PASO INTERNATIONAL AIRPORT TX US,20151208,0,0,46,63,30,2.9,360,360,-9999
EL PASO INTERNATIONAL AIRPORT TX US,20151209,0,0,47,69,33,3.6,220,220,-9999
EL PASO INTERNATIONAL AIRPORT TX US,20151210,0,0,55,74,40,6.7,250,250,-9999
EL PASO INTERNATIONAL AIRPORT TX US,20151211,0,0,62,74,49,10.5,250,250,-9999
EL PASO INTERNATIONAL AIRPORT TX US,20151212,0.11,0,56,58,38,15.9,250,250,-9999
EL PASO INTERNATIONAL AIRPORT TX US,20151213,0,0,44,55,39,17.9,270,270,-9999
EL PASO INTERNATIONAL AIRPORT TX US,20151214,0,0,50,67,40,15.4,250,240,1
EL PASO INTERNATIONAL AIRPORT TX US,20151215,0,0,45,48,36,15.2,290,270,-9999
EL PASO INTERNATIONAL AIRPORT TX US,20151216,0,0,38,48,25,6.3,270,270,-9999
EL PASO INTERNATIONAL AIRPORT TX US,20151217,0,0,40,51,28,4.9,300,300,-9999
EL PASO INTERNATIONAL AIRPORT TX US,20151218,0,0,39,58,25,4.7,10,350,-9999
EL PASO INTERNATIONAL AIRPORT TX US,20151219,0,0,45,60,35,5.1,360,-9999,-9999
EL PASO INTERNATIONAL AIRPORT TX US,20151220,0,0,55,67,44,11.4,250,260,-9999
EL PASO INTERNATIONAL AIRPORT TX US,20151221,0,0,54,62,44,7.6,280,280,-9999
EL PASO INTERNATIONAL AIRPORT TX US,20151222,0,0,50,60,37,12.1,260,260,-9999
EL PASO INTERNATIONAL AIRPORT TX US,20151223,0.01,0,55,64,48,11.2,260,230,-9999
EL PASO INTERNATIONAL AIRPORT TX US,20151224,0,0,58,66,45,10.7,240,240,-9999
EL PASO INTERNATIONAL AIRPORT TX US,20151225,0,0,53,68,41,11.2,250,250,-9999
EL PASO INTERNATIONAL AIRPORT TX US,20151226,0.58,1.8,51,57,29,12.8,40,40,-9999
EL PASO INTERNATIONAL AIRPORT TX US,20151227,0.37,6.3,31,38,27,8.7,40,40,-9999
EL PASO INTERNATIONAL AIRPORT TX US,20151228,0,0,31,39,23,4.3,210,120,-9999
EL PASO INTERNATIONAL AIRPORT TX US,20151229,0.01,0,35,47,28,7.4,250,250,-9999
EL PASO INTERNATIONAL AIRPORT TX US,20151230,0,0,38,49,28,6.5,220,220,-9999
EL PASO INTERNATIONAL AIRPORT TX US,20151231,0,0,39,50,33,10.7,50,50,-9999